<?xml version="1.0" encoding="utf-8"?>
<merger version="3"><dataSet config="output"><source path="/Users/HoangNguyen/.android/build-cache/1176f36d672b6b36a6b3898a1fb087a50c0371e7/output/assets"/></dataSet><dataSet config="output"><source path="/Users/HoangNguyen/.android/build-cache/7a0e61e31504a0812e7c3dbdfd1ad74ce59290b2/output/assets"/></dataSet><dataSet config="output"><source path="/Users/HoangNguyen/.android/build-cache/a07d75ea7ac386622d980e270c3b702c3becfb24/output/assets"/></dataSet><dataSet config="output"><source path="/Users/HoangNguyen/.android/build-cache/fe5fd4668b7ec69581e855f3004b59bbba3bbe6b/output/assets"/></dataSet><dataSet config="output"><source path="/Users/HoangNguyen/.android/build-cache/e450139c40931166e5a7053c3efd7ee37b895498/output/assets"/></dataSet><dataSet config="output"><source path="/Users/HoangNguyen/.android/build-cache/b205f12262cccaa1ab92d80e002835324ab1f8fc/output/assets"/></dataSet><dataSet config="output"><source path="/Users/HoangNguyen/.android/build-cache/43f078533731f46c2275e5cdc867d969f067de91/output/assets"/></dataSet><dataSet config="main"><source path="/Users/HoangNguyen/Library/Mobile Documents/com~apple~CloudDocs/A - AS/AmericanSTEM/app/src/main/assets"/><source path="/Users/HoangNguyen/Library/Mobile Documents/com~apple~CloudDocs/A - AS/AmericanSTEM/app/build/generated/assets/shaders/debug"/></dataSet><dataSet config="debug"><source path="/Users/HoangNguyen/Library/Mobile Documents/com~apple~CloudDocs/A - AS/AmericanSTEM/app/src/debug/assets"/></dataSet></merger>