{
    "logs": [
        {
            "outputFile": "/Users/hoangnguyen/Library/Mobile Documents/com~apple~CloudDocs/Old Projects/A - AS/AmericanSTEM/app/build/intermediates/incremental/mergeDebugAndroidTestResources/merged.dir/values-lt/values-lt.xml",
            "map": [
                {
                    "source": "/Users/hoangnguyen/.gradle/caches/transforms-1/files-1.1/appcompat-v7-23.4.0.aar/5afece432e53e2eae33e5a6ddaf3beaa/res/values-lt/values-lt.xml",
                    "from": {
                        "startLines": "2,3,4,5,6,7,8,9,10,11,12,13,14,15,16,17,18,19,20,21",
                        "startColumns": "4,4,4,4,4,4,4,4,4,4,4,4,4,4,4,4,4,4,4,4",
                        "startOffsets": "55,171,279,402,503,616,703,812,933,1015,1096,1181,1290,1399,1499,1609,1713,1826,1956,2057",
                        "endColumns": "115,107,122,100,112,86,108,120,81,80,84,108,108,99,109,103,112,129,100,100",
                        "endOffsets": "166,274,397,498,611,698,807,928,1010,1091,1176,1285,1394,1494,1604,1708,1821,1951,2052,2153"
                    }
                }
            ]
        }
    ]
}