{
    "logs": [
        {
            "outputFile": "/Users/hoangnguyen/Library/Mobile Documents/com~apple~CloudDocs/Old Projects/A - AS/AmericanSTEM/app/build/intermediates/incremental/mergeDebugAndroidTestResources/merged.dir/values-uz-rUZ/values-uz-rUZ.xml",
            "map": [
                {
                    "source": "/Users/hoangnguyen/.gradle/caches/transforms-1/files-1.1/appcompat-v7-23.4.0.aar/5afece432e53e2eae33e5a6ddaf3beaa/res/values-uz-rUZ/values-uz-rUZ.xml",
                    "from": {
                        "startLines": "2,3,4,5,6,7,8,9,10,11,12,13,14,15,16,17,18,19,20",
                        "startColumns": "4,4,4,4,4,4,4,4,4,4,4,4,4,4,4,4,4,4,4",
                        "startOffsets": "55,160,268,391,495,612,698,809,925,1005,1084,1168,1277,1384,1485,1593,1698,1803,1902",
                        "endColumns": "104,107,122,103,116,85,110,115,79,78,83,108,106,100,107,104,104,98,100",
                        "endOffsets": "155,263,386,490,607,693,804,920,1000,1079,1163,1272,1379,1480,1588,1693,1798,1897,1998"
                    }
                }
            ]
        }
    ]
}