{
    "logs": [
        {
            "outputFile": "/Users/hoangnguyen/Library/Mobile Documents/com~apple~CloudDocs/Old Projects/A - AS/AmericanSTEM/app/build/intermediates/incremental/mergeDebugAndroidTestResources/merged.dir/values-in/values-in.xml",
            "map": [
                {
                    "source": "/Users/hoangnguyen/.gradle/caches/transforms-1/files-1.1/appcompat-v7-23.4.0.aar/5afece432e53e2eae33e5a6ddaf3beaa/res/values-in/values-in.xml",
                    "from": {
                        "startLines": "2,3,4,5,6,7,8,9,10,11,12,13,14,15,16,17,18,19,20,21",
                        "startColumns": "4,4,4,4,4,4,4,4,4,4,4,4,4,4,4,4,4,4,4,4",
                        "startOffsets": "55,165,273,396,498,603,690,794,910,992,1071,1157,1260,1369,1470,1574,1682,1790,1913,2012",
                        "endColumns": "109,107,122,101,104,86,103,115,81,78,85,102,108,100,103,107,107,122,98,100",
                        "endOffsets": "160,268,391,493,598,685,789,905,987,1066,1152,1255,1364,1465,1569,1677,1785,1908,2007,2108"
                    }
                }
            ]
        }
    ]
}