{
    "logs": [
        {
            "outputFile": "/Users/hoangnguyen/Library/Mobile Documents/com~apple~CloudDocs/Old Projects/A - AS/AmericanSTEM/app/build/intermediates/incremental/mergeDebugAndroidTestResources/merged.dir/values-te-rIN/values-te-rIN.xml",
            "map": [
                {
                    "source": "/Users/hoangnguyen/.gradle/caches/transforms-1/files-1.1/appcompat-v7-23.4.0.aar/5afece432e53e2eae33e5a6ddaf3beaa/res/values-te-rIN/values-te-rIN.xml",
                    "from": {
                        "startLines": "2,3,4,5,6,7,8,9,10,11,12,13,14,15,16,17,18,19,20,21",
                        "startColumns": "4,4,4,4,4,4,4,4,4,4,4,4,4,4,4,4,4,4,4,4",
                        "startOffsets": "55,169,277,400,509,620,710,815,940,1022,1104,1189,1302,1410,1510,1621,1723,1840,1967,2068",
                        "endColumns": "113,107,122,108,110,89,104,124,81,81,84,112,107,99,110,101,116,126,100,100",
                        "endOffsets": "164,272,395,504,615,705,810,935,1017,1099,1184,1297,1405,1505,1616,1718,1835,1962,2063,2164"
                    }
                }
            ]
        }
    ]
}