{
    "logs": [
        {
            "outputFile": "/Users/hoangnguyen/Library/Mobile Documents/com~apple~CloudDocs/Old Projects/A - AS/AmericanSTEM/app/build/intermediates/incremental/mergeDebugAndroidTestResources/merged.dir/values-kk-rKZ/values-kk-rKZ.xml",
            "map": [
                {
                    "source": "/Users/hoangnguyen/.gradle/caches/transforms-1/files-1.1/appcompat-v7-23.4.0.aar/5afece432e53e2eae33e5a6ddaf3beaa/res/values-kk-rKZ/values-kk-rKZ.xml",
                    "from": {
                        "startLines": "2,3,4,5,6,7,8,9,10,11,12,13,14,15,16,17,18,19,20,21",
                        "startColumns": "4,4,4,4,4,4,4,4,4,4,4,4,4,4,4,4,4,4,4,4",
                        "startOffsets": "55,167,275,398,501,611,696,802,921,1002,1082,1163,1266,1371,1469,1576,1685,1785,1900,1999",
                        "endColumns": "111,107,122,102,109,84,105,118,80,79,80,102,104,97,106,108,99,114,98,100",
                        "endOffsets": "162,270,393,496,606,691,797,916,997,1077,1158,1261,1366,1464,1571,1680,1780,1895,1994,2095"
                    }
                }
            ]
        }
    ]
}