{
    "logs": [
        {
            "outputFile": "/Users/hoangnguyen/Library/Mobile Documents/com~apple~CloudDocs/Old Projects/A - AS/AmericanSTEM/app/build/intermediates/incremental/mergeDebugAndroidTestResources/merged.dir/values-es/values-es.xml",
            "map": [
                {
                    "source": "/Users/hoangnguyen/.gradle/caches/transforms-1/files-1.1/appcompat-v7-23.4.0.aar/5afece432e53e2eae33e5a6ddaf3beaa/res/values-es/values-es.xml",
                    "from": {
                        "startLines": "2,3,4,5,6,7,8,9,10,11,12,13,14,15,16,17,18,19,20,21",
                        "startColumns": "4,4,4,4,4,4,4,4,4,4,4,4,4,4,4,4,4,4,4,4",
                        "startOffsets": "55,172,280,403,516,624,709,810,938,1014,1090,1172,1279,1379,1478,1586,1693,1800,1922,2022",
                        "endColumns": "116,107,122,112,107,84,100,127,75,75,81,106,99,98,107,106,106,121,99,100",
                        "endOffsets": "167,275,398,511,619,704,805,933,1009,1085,1167,1274,1374,1473,1581,1688,1795,1917,2017,2118"
                    }
                }
            ]
        }
    ]
}