{
    "logs": [
        {
            "outputFile": "/Users/hoangnguyen/Library/Mobile Documents/com~apple~CloudDocs/Old Projects/A - AS/AmericanSTEM/app/build/intermediates/incremental/mergeDebugAndroidTestResources/merged.dir/values-hr/values-hr.xml",
            "map": [
                {
                    "source": "/Users/hoangnguyen/.gradle/caches/transforms-1/files-1.1/appcompat-v7-23.4.0.aar/5afece432e53e2eae33e5a6ddaf3beaa/res/values-hr/values-hr.xml",
                    "from": {
                        "startLines": "2,3,4,5,6,7,8,9,10,11,12,13,14,15,16,17,18,19,20,21",
                        "startColumns": "4,4,4,4,4,4,4,4,4,4,4,4,4,4,4,4,4,4,4,4",
                        "startOffsets": "55,160,268,391,488,598,684,788,907,991,1074,1160,1264,1377,1483,1588,1701,1808,1931,2028",
                        "endColumns": "104,107,122,96,109,85,103,118,83,82,85,103,112,105,104,112,106,122,96,100",
                        "endOffsets": "155,263,386,483,593,679,783,902,986,1069,1155,1259,1372,1478,1583,1696,1803,1926,2023,2124"
                    }
                }
            ]
        }
    ]
}