{
    "logs": [
        {
            "outputFile": "/Users/hoangnguyen/Library/Mobile Documents/com~apple~CloudDocs/Old Projects/A - AS/AmericanSTEM/app/build/intermediates/incremental/mergeDebugAndroidTestResources/merged.dir/values-az-rAZ/values-az-rAZ.xml",
            "map": [
                {
                    "source": "/Users/hoangnguyen/.gradle/caches/transforms-1/files-1.1/appcompat-v7-23.4.0.aar/5afece432e53e2eae33e5a6ddaf3beaa/res/values-az-rAZ/values-az-rAZ.xml",
                    "from": {
                        "startLines": "2,3,4,5,6,7,8,9,10,11,12,13,14,15,16,17,18,19,20",
                        "startColumns": "4,4,4,4,4,4,4,4,4,4,4,4,4,4,4,4,4,4,4",
                        "startOffsets": "55,153,261,384,483,593,681,788,902,983,1062,1147,1254,1361,1461,1570,1674,1784,1881",
                        "endColumns": "97,107,122,98,109,87,106,113,80,78,84,106,106,99,108,103,109,96,100",
                        "endOffsets": "148,256,379,478,588,676,783,897,978,1057,1142,1249,1356,1456,1565,1669,1779,1876,1977"
                    }
                }
            ]
        }
    ]
}