{
    "logs": [
        {
            "outputFile": "/Users/hoangnguyen/Library/Mobile Documents/com~apple~CloudDocs/Old Projects/A - AS/AmericanSTEM/app/build/intermediates/incremental/mergeDebugAndroidTestResources/merged.dir/values-pt-rPT/values-pt-rPT.xml",
            "map": [
                {
                    "source": "/Users/hoangnguyen/.gradle/caches/transforms-1/files-1.1/appcompat-v7-23.4.0.aar/5afece432e53e2eae33e5a6ddaf3beaa/res/values-pt-rPT/values-pt-rPT.xml",
                    "from": {
                        "startLines": "2,3,4,5,6,7,8,9,10,11,12,13,14,15,16,17,18,19,20,21",
                        "startColumns": "4,4,4,4,4,4,4,4,4,4,4,4,4,4,4,4,4,4,4,4",
                        "startOffsets": "55,175,283,406,512,619,708,809,933,1017,1098,1185,1292,1404,1506,1614,1721,1828,1950,2049",
                        "endColumns": "119,107,122,105,106,88,100,123,83,80,86,106,111,101,107,106,106,121,98,100",
                        "endOffsets": "170,278,401,507,614,703,804,928,1012,1093,1180,1287,1399,1501,1609,1716,1823,1945,2044,2145"
                    }
                }
            ]
        }
    ]
}