{
    "logs": [
        {
            "outputFile": "/Users/hoangnguyen/Library/Mobile Documents/com~apple~CloudDocs/Old Projects/A - AS/AmericanSTEM/app/build/intermediates/incremental/mergeDebugAndroidTestResources/merged.dir/values-eu-rES/values-eu-rES.xml",
            "map": [
                {
                    "source": "/Users/hoangnguyen/.gradle/caches/transforms-1/files-1.1/appcompat-v7-23.4.0.aar/5afece432e53e2eae33e5a6ddaf3beaa/res/values-eu-rES/values-eu-rES.xml",
                    "from": {
                        "startLines": "2,3,4,5,6,7,8,9,10,11,12,13,14,15,16,17,18,19,20,21",
                        "startColumns": "4,4,4,4,4,4,4,4,4,4,4,4,4,4,4,4,4,4,4,4",
                        "startOffsets": "55,164,272,395,493,603,689,795,919,1006,1090,1172,1281,1391,1490,1599,1712,1823,1960,2059",
                        "endColumns": "108,107,122,97,109,85,105,123,86,83,81,108,109,98,108,112,110,136,98,100",
                        "endOffsets": "159,267,390,488,598,684,790,914,1001,1085,1167,1276,1386,1485,1594,1707,1818,1955,2054,2155"
                    }
                }
            ]
        }
    ]
}