{
    "logs": [
        {
            "outputFile": "/Users/hoangnguyen/Library/Mobile Documents/com~apple~CloudDocs/Old Projects/A - AS/AmericanSTEM/app/build/intermediates/incremental/mergeDebugAndroidTestResources/merged.dir/values-da/values-da.xml",
            "map": [
                {
                    "source": "/Users/hoangnguyen/.gradle/caches/transforms-1/files-1.1/appcompat-v7-23.4.0.aar/5afece432e53e2eae33e5a6ddaf3beaa/res/values-da/values-da.xml",
                    "from": {
                        "startLines": "2,3,4,5,6,7,8,9,10,11,12,13,14,15,16,17,18,19,20,21",
                        "startColumns": "4,4,4,4,4,4,4,4,4,4,4,4,4,4,4,4,4,4,4,4",
                        "startOffsets": "55,158,266,389,488,600,683,783,896,973,1050,1129,1238,1346,1442,1556,1658,1759,1875,1972",
                        "endColumns": "102,107,122,98,111,82,99,112,76,76,78,108,107,95,113,101,100,115,96,100",
                        "endOffsets": "153,261,384,483,595,678,778,891,968,1045,1124,1233,1341,1437,1551,1653,1754,1870,1967,2068"
                    }
                }
            ]
        }
    ]
}