{
    "logs": [
        {
            "outputFile": "/Users/hoangnguyen/Library/Mobile Documents/com~apple~CloudDocs/Old Projects/A - AS/AmericanSTEM/app/build/intermediates/incremental/mergeDebugAndroidTestResources/merged.dir/values-hdpi-v4/values-hdpi-v4.xml",
            "map": [
                {
                    "source": "/Users/hoangnguyen/.gradle/caches/transforms-1/files-1.1/appcompat-v7-23.4.0.aar/5afece432e53e2eae33e5a6ddaf3beaa/res/values-hdpi-v4/values-hdpi-v4.xml",
                    "from": {
                        "startLines": "2",
                        "startColumns": "4",
                        "startOffsets": "55",
                        "endLines": "6",
                        "endColumns": "13",
                        "endOffsets": "327"
                    },
                    "to": {
                        "startLines": "4",
                        "startColumns": "4",
                        "startOffsets": "169",
                        "endLines": "8",
                        "endColumns": "13",
                        "endOffsets": "441"
                    }
                },
                {
                    "source": "/Users/hoangnguyen/.gradle/caches/transforms-1/files-1.1/core-1.8.4.aar/ff67a158bc3d1e9e434f1105e07e7907/res/values-hdpi-v4/values-hdpi-v4.xml",
                    "from": {
                        "startLines": "2,3",
                        "startColumns": "4,4",
                        "startOffsets": "55,113",
                        "endColumns": "57,55",
                        "endOffsets": "108,164"
                    }
                }
            ]
        }
    ]
}