{
    "logs": [
        {
            "outputFile": "/Users/hoangnguyen/Library/Mobile Documents/com~apple~CloudDocs/Old Projects/A - AS/AmericanSTEM/app/build/intermediates/incremental/mergeDebugAndroidTestResources/merged.dir/values-el/values-el.xml",
            "map": [
                {
                    "source": "/Users/hoangnguyen/.gradle/caches/transforms-1/files-1.1/appcompat-v7-23.4.0.aar/5afece432e53e2eae33e5a6ddaf3beaa/res/values-el/values-el.xml",
                    "from": {
                        "startLines": "2,3,4,5,6,7,8,9,10,11,12,13,14,15,16,17,18,19,20,21",
                        "startColumns": "4,4,4,4,4,4,4,4,4,4,4,4,4,4,4,4,4,4,4,4",
                        "startOffsets": "55,173,281,404,515,632,717,822,948,1036,1122,1207,1318,1428,1530,1641,1750,1858,1981,2081",
                        "endColumns": "117,107,122,110,116,84,104,125,87,85,84,110,109,101,110,108,107,122,99,100",
                        "endOffsets": "168,276,399,510,627,712,817,943,1031,1117,1202,1313,1423,1525,1636,1745,1853,1976,2076,2177"
                    }
                }
            ]
        }
    ]
}