{
    "logs": [
        {
            "outputFile": "/Users/hoangnguyen/Library/Mobile Documents/com~apple~CloudDocs/Old Projects/A - AS/AmericanSTEM/app/build/intermediates/incremental/mergeDebugAndroidTestResources/merged.dir/values-nb/values-nb.xml",
            "map": [
                {
                    "source": "/Users/hoangnguyen/.gradle/caches/transforms-1/files-1.1/appcompat-v7-23.4.0.aar/5afece432e53e2eae33e5a6ddaf3beaa/res/values-nb/values-nb.xml",
                    "from": {
                        "startLines": "2,3,4,5,6,7,8,9,10,11,12,13,14,15,16,17,18,19,20,21",
                        "startColumns": "4,4,4,4,4,4,4,4,4,4,4,4,4,4,4,4,4,4,4,4",
                        "startOffsets": "55,163,272,397,492,606,692,792,905,981,1057,1137,1240,1339,1435,1539,1637,1738,1854,1951",
                        "endColumns": "107,108,124,94,113,85,99,112,75,75,79,102,98,95,103,97,100,115,96,100",
                        "endOffsets": "158,267,392,487,601,687,787,900,976,1052,1132,1235,1334,1430,1534,1632,1733,1849,1946,2047"
                    }
                }
            ]
        }
    ]
}