{
    "logs": [
        {
            "outputFile": "/Users/hoangnguyen/Library/Mobile Documents/com~apple~CloudDocs/Old Projects/A - AS/AmericanSTEM/app/build/intermediates/incremental/mergeDebugAndroidTestResources/merged.dir/values-ml-rIN/values-ml-rIN.xml",
            "map": [
                {
                    "source": "/Users/hoangnguyen/.gradle/caches/transforms-1/files-1.1/appcompat-v7-23.4.0.aar/5afece432e53e2eae33e5a6ddaf3beaa/res/values-ml-rIN/values-ml-rIN.xml",
                    "from": {
                        "startLines": "2,3,4,5,6,7,8,9,10,11,12,13,14,15,16,17,18,19,20,21",
                        "startColumns": "4,4,4,4,4,4,4,4,4,4,4,4,4,4,4,4,4,4,4,4",
                        "startOffsets": "55,174,282,405,523,639,732,837,969,1046,1122,1204,1315,1421,1519,1633,1734,1845,1973,2074",
                        "endColumns": "118,107,122,117,115,92,104,131,76,75,81,110,105,97,113,100,110,127,100,100",
                        "endOffsets": "169,277,400,518,634,727,832,964,1041,1117,1199,1310,1416,1514,1628,1729,1840,1968,2069,2170"
                    }
                }
            ]
        }
    ]
}