{
    "logs": [
        {
            "outputFile": "/Users/hoangnguyen/Library/Mobile Documents/com~apple~CloudDocs/Old Projects/A - AS/AmericanSTEM/app/build/intermediates/incremental/mergeDebugAndroidTestResources/merged.dir/values-zh-rCN/values-zh-rCN.xml",
            "map": [
                {
                    "source": "/Users/hoangnguyen/.gradle/caches/transforms-1/files-1.1/appcompat-v7-23.4.0.aar/5afece432e53e2eae33e5a6ddaf3beaa/res/values-zh-rCN/values-zh-rCN.xml",
                    "from": {
                        "startLines": "2,3,4,5,6,7,8,9,10,11,12,13,14,15,16,17,18,19,20,21",
                        "startColumns": "4,4,4,4,4,4,4,4,4,4,4,4,4,4,4,4,4,4,4,4",
                        "startOffsets": "55,151,258,381,476,576,658,755,861,937,1013,1091,1187,1283,1378,1475,1570,1668,1780,1874",
                        "endColumns": "95,106,122,94,99,81,96,105,75,75,77,95,95,94,96,94,97,111,93,100",
                        "endOffsets": "146,253,376,471,571,653,750,856,932,1008,1086,1182,1278,1373,1470,1565,1663,1775,1869,1970"
                    }
                }
            ]
        }
    ]
}