{
    "logs": [
        {
            "outputFile": "/Users/hoangnguyen/Library/Mobile Documents/com~apple~CloudDocs/Old Projects/A - AS/AmericanSTEM/app/build/intermediates/incremental/mergeDebugAndroidTestResources/merged.dir/values-km-rKH/values-km-rKH.xml",
            "map": [
                {
                    "source": "/Users/hoangnguyen/.gradle/caches/transforms-1/files-1.1/appcompat-v7-23.4.0.aar/5afece432e53e2eae33e5a6ddaf3beaa/res/values-km-rKH/values-km-rKH.xml",
                    "from": {
                        "startLines": "2,3,4,5,6,7,8,9,10,11,12,13,14,15,16,17,18,19,20,21",
                        "startColumns": "4,4,4,4,4,4,4,4,4,4,4,4,4,4,4,4,4,4,4,4",
                        "startOffsets": "55,158,266,389,489,601,688,792,910,987,1064,1147,1251,1356,1456,1566,1673,1781,1904,2002",
                        "endColumns": "102,107,122,99,111,86,103,117,76,76,82,103,104,99,109,106,107,122,97,100",
                        "endOffsets": "153,261,384,484,596,683,787,905,982,1059,1142,1246,1351,1451,1561,1668,1776,1899,1997,2098"
                    }
                }
            ]
        }
    ]
}