{
    "logs": [
        {
            "outputFile": "/Users/hoangnguyen/Library/Mobile Documents/com~apple~CloudDocs/Old Projects/A - AS/AmericanSTEM/app/build/intermediates/incremental/mergeDebugAndroidTestResources/merged.dir/values-bg/values-bg.xml",
            "map": [
                {
                    "source": "/Users/hoangnguyen/.gradle/caches/transforms-1/files-1.1/appcompat-v7-23.4.0.aar/5afece432e53e2eae33e5a6ddaf3beaa/res/values-bg/values-bg.xml",
                    "from": {
                        "startLines": "2,3,4,5,6,7,8,9,10,11,12,13,14,15,16,17,18,19,20,21",
                        "startColumns": "4,4,4,4,4,4,4,4,4,4,4,4,4,4,4,4,4,4,4,4",
                        "startOffsets": "55,170,281,409,516,621,707,812,933,1012,1090,1173,1287,1396,1496,1610,1716,1824,1947,2046",
                        "endColumns": "114,110,127,106,104,85,104,120,78,77,82,113,108,99,113,105,107,122,98,100",
                        "endOffsets": "165,276,404,511,616,702,807,928,1007,1085,1168,1282,1391,1491,1605,1711,1819,1942,2041,2142"
                    }
                }
            ]
        }
    ]
}