{
    "logs": [
        {
            "outputFile": "/Users/hoangnguyen/Library/Mobile Documents/com~apple~CloudDocs/Old Projects/A - AS/AmericanSTEM/app/build/intermediates/incremental/mergeDebugAndroidTestResources/merged.dir/values-sv/values-sv.xml",
            "map": [
                {
                    "source": "/Users/hoangnguyen/.gradle/caches/transforms-1/files-1.1/appcompat-v7-23.4.0.aar/5afece432e53e2eae33e5a6ddaf3beaa/res/values-sv/values-sv.xml",
                    "from": {
                        "startLines": "2,3,4,5,6,7,8,9,10,11,12,13,14,15,16,17,18,19,20,21",
                        "startColumns": "4,4,4,4,4,4,4,4,4,4,4,4,4,4,4,4,4,4,4,4",
                        "startOffsets": "55,161,269,392,495,606,691,793,906,982,1058,1138,1244,1344,1440,1545,1647,1749,1866,1968",
                        "endColumns": "105,107,122,102,110,84,101,112,75,75,79,105,99,95,104,101,101,116,101,100",
                        "endOffsets": "156,264,387,490,601,686,788,901,977,1053,1133,1239,1339,1435,1540,1642,1744,1861,1963,2064"
                    }
                }
            ]
        }
    ]
}