{
    "logs": [
        {
            "outputFile": "/Users/hoangnguyen/Library/Mobile Documents/com~apple~CloudDocs/Old Projects/A - AS/AmericanSTEM/app/build/intermediates/incremental/mergeDebugAndroidTestResources/merged.dir/values-xxhdpi-v4/values-xxhdpi-v4.xml",
            "map": [
                {
                    "source": "/Users/hoangnguyen/.gradle/caches/transforms-1/files-1.1/core-1.8.4.aar/ff67a158bc3d1e9e434f1105e07e7907/res/values-xxhdpi-v4/values-xxhdpi-v4.xml",
                    "from": {
                        "startLines": "2,3",
                        "startColumns": "4,4",
                        "startOffsets": "55,114",
                        "endColumns": "58,55",
                        "endOffsets": "109,165"
                    }
                }
            ]
        }
    ]
}