{
    "logs": [
        {
            "outputFile": "/Users/hoangnguyen/Library/Mobile Documents/com~apple~CloudDocs/Old Projects/A - AS/AmericanSTEM/app/build/intermediates/incremental/mergeDebugAndroidTestResources/merged.dir/values-et-rEE/values-et-rEE.xml",
            "map": [
                {
                    "source": "/Users/hoangnguyen/.gradle/caches/transforms-1/files-1.1/appcompat-v7-23.4.0.aar/5afece432e53e2eae33e5a6ddaf3beaa/res/values-et-rEE/values-et-rEE.xml",
                    "from": {
                        "startLines": "2,3,4,5,6,7,8,9,10,11,12,13,14,15,16,17,18,19,20,21",
                        "startColumns": "4,4,4,4,4,4,4,4,4,4,4,4,4,4,4,4,4,4,4,4",
                        "startOffsets": "55,172,280,403,510,621,707,809,926,1006,1084,1167,1278,1383,1482,1592,1693,1796,1924,2026",
                        "endColumns": "116,107,122,106,110,85,101,116,79,77,82,110,104,98,109,100,102,127,101,100",
                        "endOffsets": "167,275,398,505,616,702,804,921,1001,1079,1162,1273,1378,1477,1587,1688,1791,1919,2021,2122"
                    }
                }
            ]
        }
    ]
}