{
    "logs": [
        {
            "outputFile": "/Users/hoangnguyen/Library/Mobile Documents/com~apple~CloudDocs/Old Projects/A - AS/AmericanSTEM/app/build/intermediates/incremental/mergeDebugAndroidTestResources/merged.dir/values-pt/values-pt.xml",
            "map": [
                {
                    "source": "/Users/hoangnguyen/.gradle/caches/transforms-1/files-1.1/appcompat-v7-23.4.0.aar/5afece432e53e2eae33e5a6ddaf3beaa/res/values-pt/values-pt.xml",
                    "from": {
                        "startLines": "2,3,4,5,6,7,8,9,10,11,12,13,14,15,16,17,18,19,20,21",
                        "startColumns": "4,4,4,4,4,4,4,4,4,4,4,4,4,4,4,4,4,4,4,4",
                        "startOffsets": "55,175,283,406,512,619,708,809,927,1010,1090,1177,1284,1396,1498,1606,1713,1823,1948,2048",
                        "endColumns": "119,107,122,105,106,88,100,117,82,79,86,106,111,101,107,106,109,124,99,100",
                        "endOffsets": "170,278,401,507,614,703,804,922,1005,1085,1172,1279,1391,1493,1601,1708,1818,1943,2043,2144"
                    }
                }
            ]
        }
    ]
}