{
    "logs": [
        {
            "outputFile": "/Users/hoangnguyen/Library/Mobile Documents/com~apple~CloudDocs/Old Projects/A - AS/AmericanSTEM/app/build/intermediates/incremental/mergeDebugAndroidTestResources/merged.dir/values-land/values-land.xml",
            "map": [
                {
                    "source": "/Users/hoangnguyen/.gradle/caches/transforms-1/files-1.1/appcompat-v7-23.4.0.aar/5afece432e53e2eae33e5a6ddaf3beaa/res/values-land/values-land.xml",
                    "from": {
                        "startLines": "2,3,4,5,6,7",
                        "startColumns": "4,4,4,4,4,4",
                        "startOffsets": "55,117,189,259,323,394",
                        "endColumns": "61,71,69,63,70,67",
                        "endOffsets": "112,184,254,318,389,457"
                    }
                }
            ]
        }
    ]
}