{
    "logs": [
        {
            "outputFile": "/Users/hoangnguyen/Library/Mobile Documents/com~apple~CloudDocs/Old Projects/A - AS/AmericanSTEM/app/build/intermediates/incremental/mergeDebugAndroidTestResources/merged.dir/values-ta-rIN/values-ta-rIN.xml",
            "map": [
                {
                    "source": "/Users/hoangnguyen/.gradle/caches/transforms-1/files-1.1/appcompat-v7-23.4.0.aar/5afece432e53e2eae33e5a6ddaf3beaa/res/values-ta-rIN/values-ta-rIN.xml",
                    "from": {
                        "startLines": "2,3,4,5,6,7,8,9,10,11,12,13,14,15,16,17,18,19,20,21",
                        "startColumns": "4,4,4,4,4,4,4,4,4,4,4,4,4,4,4,4,4,4,4,4",
                        "startOffsets": "55,169,277,400,505,620,709,816,942,1023,1103,1185,1287,1391,1488,1598,1700,1807,1926,2026",
                        "endColumns": "113,107,122,104,114,88,106,125,80,79,81,101,103,96,109,101,106,118,99,100",
                        "endOffsets": "164,272,395,500,615,704,811,937,1018,1098,1180,1282,1386,1483,1593,1695,1802,1921,2021,2122"
                    }
                }
            ]
        }
    ]
}