{
    "logs": [
        {
            "outputFile": "/Users/hoangnguyen/Library/Mobile Documents/com~apple~CloudDocs/Old Projects/A - AS/AmericanSTEM/app/build/intermediates/incremental/mergeDebugAndroidTestResources/merged.dir/values-cs/values-cs.xml",
            "map": [
                {
                    "source": "/Users/hoangnguyen/.gradle/caches/transforms-1/files-1.1/appcompat-v7-23.4.0.aar/5afece432e53e2eae33e5a6ddaf3beaa/res/values-cs/values-cs.xml",
                    "from": {
                        "startLines": "2,3,4,5,6,7,8,9,10,11,12,13,14,15,16,17,18,19,20,21",
                        "startColumns": "4,4,4,4,4,4,4,4,4,4,4,4,4,4,4,4,4,4,4,4",
                        "startOffsets": "55,162,271,395,497,606,692,797,914,995,1076,1160,1264,1373,1472,1578,1688,1795,1917,2015",
                        "endColumns": "106,108,123,101,108,85,104,116,80,80,83,103,108,98,105,109,106,121,97,100",
                        "endOffsets": "157,266,390,492,601,687,792,909,990,1071,1155,1259,1368,1467,1573,1683,1790,1912,2010,2111"
                    }
                }
            ]
        }
    ]
}