[
    {
        "outputFile": "/Users/HoangNguyen/Library/Mobile Documents/com~apple~CloudDocs/A - AS/AmericanSTEM/app/build/intermediates/incremental/mergeDebugResources/merged.dir/values-large-v4/values-large-v4.xml",
        "map": [
            {
                "to": {
                    "startLine": 2,
                    "startColumn": 4,
                    "startOffset": 55,
                    "endColumn": 61,
                    "endOffset": 112
                },
                "from": {
                    "file": "/Users/HoangNguyen/.android/build-cache/43f078533731f46c2275e5cdc867d969f067de91/output/res/values-large-v4/values-large-v4.xml",
                    "position": {
                        "startLine": 2,
                        "startColumn": 4,
                        "startOffset": 55,
                        "endColumn": 61,
                        "endOffset": 112
                    }
                }
            },
            {
                "to": {
                    "startLine": 3,
                    "startColumn": 4,
                    "startOffset": 117,
                    "endColumn": 71,
                    "endOffset": 184
                },
                "from": {
                    "file": "/Users/HoangNguyen/.android/build-cache/43f078533731f46c2275e5cdc867d969f067de91/output/res/values-large-v4/values-large-v4.xml",
                    "position": {
                        "startLine": 3,
                        "startColumn": 4,
                        "startOffset": 117,
                        "endColumn": 71,
                        "endOffset": 184
                    }
                }
            },
            {
                "to": {
                    "startLine": 4,
                    "startColumn": 4,
                    "startOffset": 189,
                    "endColumn": 58,
                    "endOffset": 243
                },
                "from": {
                    "file": "/Users/HoangNguyen/.android/build-cache/43f078533731f46c2275e5cdc867d969f067de91/output/res/values-large-v4/values-large-v4.xml",
                    "position": {
                        "startLine": 4,
                        "startColumn": 4,
                        "startOffset": 189,
                        "endColumn": 58,
                        "endOffset": 243
                    }
                }
            },
            {
                "to": {
                    "startLine": 5,
                    "startColumn": 4,
                    "startOffset": 248,
                    "endColumn": 70,
                    "endOffset": 314
                },
                "from": {
                    "file": "/Users/HoangNguyen/.android/build-cache/43f078533731f46c2275e5cdc867d969f067de91/output/res/values-large-v4/values-large-v4.xml",
                    "position": {
                        "startLine": 5,
                        "startColumn": 4,
                        "startOffset": 248,
                        "endColumn": 70,
                        "endOffset": 314
                    }
                }
            },
            {
                "to": {
                    "startLine": 6,
                    "startColumn": 4,
                    "startOffset": 319,
                    "endColumn": 70,
                    "endOffset": 385
                },
                "from": {
                    "file": "/Users/HoangNguyen/.android/build-cache/43f078533731f46c2275e5cdc867d969f067de91/output/res/values-large-v4/values-large-v4.xml",
                    "position": {
                        "startLine": 6,
                        "startColumn": 4,
                        "startOffset": 319,
                        "endColumn": 70,
                        "endOffset": 385
                    }
                }
            },
            {
                "to": {
                    "startLine": 7,
                    "startColumn": 4,
                    "startOffset": 390,
                    "endColumn": 69,
                    "endOffset": 455
                },
                "from": {
                    "file": "/Users/HoangNguyen/.android/build-cache/43f078533731f46c2275e5cdc867d969f067de91/output/res/values-large-v4/values-large-v4.xml",
                    "position": {
                        "startLine": 7,
                        "startColumn": 4,
                        "startOffset": 390,
                        "endColumn": 69,
                        "endOffset": 455
                    }
                }
            },
            {
                "to": {
                    "startLine": 8,
                    "startColumn": 4,
                    "startOffset": 460,
                    "endColumn": 69,
                    "endOffset": 525
                },
                "from": {
                    "file": "/Users/HoangNguyen/.android/build-cache/43f078533731f46c2275e5cdc867d969f067de91/output/res/values-large-v4/values-large-v4.xml",
                    "position": {
                        "startLine": 8,
                        "startColumn": 4,
                        "startOffset": 460,
                        "endColumn": 69,
                        "endOffset": 525
                    }
                }
            },
            {
                "to": {
                    "startLine": 9,
                    "startColumn": 4,
                    "startOffset": 530,
                    "endColumn": 67,
                    "endOffset": 593
                },
                "from": {
                    "file": "/Users/HoangNguyen/.android/build-cache/43f078533731f46c2275e5cdc867d969f067de91/output/res/values-large-v4/values-large-v4.xml",
                    "position": {
                        "startLine": 9,
                        "startColumn": 4,
                        "startOffset": 530,
                        "endColumn": 67,
                        "endOffset": 593
                    }
                }
            },
            {
                "to": {
                    "startLine": 10,
                    "startColumn": 4,
                    "startOffset": 598,
                    "endColumn": 67,
                    "endOffset": 661
                },
                "from": {
                    "file": "/Users/HoangNguyen/.android/build-cache/43f078533731f46c2275e5cdc867d969f067de91/output/res/values-large-v4/values-large-v4.xml",
                    "position": {
                        "startLine": 10,
                        "startColumn": 4,
                        "startOffset": 598,
                        "endColumn": 67,
                        "endOffset": 661
                    }
                }
            },
            {
                "to": {
                    "startLine": 11,
                    "startColumn": 4,
                    "startOffset": 666,
                    "endColumn": 63,
                    "endOffset": 725
                },
                "from": {
                    "file": "/Users/HoangNguyen/.android/build-cache/43f078533731f46c2275e5cdc867d969f067de91/output/res/values-large-v4/values-large-v4.xml",
                    "position": {
                        "startLine": 11,
                        "startColumn": 4,
                        "startOffset": 666,
                        "endColumn": 63,
                        "endOffset": 725
                    }
                }
            },
            {
                "to": {
                    "startLine": 12,
                    "startColumn": 4,
                    "startOffset": 730,
                    "endColumn": 54,
                    "endOffset": 780
                },
                "from": {
                    "file": "/Users/HoangNguyen/.android/build-cache/43f078533731f46c2275e5cdc867d969f067de91/output/res/values-large-v4/values-large-v4.xml",
                    "position": {
                        "startLine": 12,
                        "startColumn": 4,
                        "startOffset": 730,
                        "endColumn": 54,
                        "endOffset": 780
                    }
                }
            },
            {
                "to": {
                    "startLine": 13,
                    "startColumn": 4,
                    "startOffset": 785,
                    "endColumn": 103,
                    "endOffset": 884
                },
                "from": {
                    "file": "/Users/HoangNguyen/.android/build-cache/43f078533731f46c2275e5cdc867d969f067de91/output/res/values-large-v4/values-large-v4.xml",
                    "position": {
                        "startLine": 13,
                        "startColumn": 4,
                        "startOffset": 785,
                        "endColumn": 103,
                        "endOffset": 884
                    }
                }
            },
            {
                "to": {
                    "startLine": 14,
                    "startColumn": 4,
                    "startOffset": 889,
                    "endColumn": 115,
                    "endOffset": 1000
                },
                "from": {
                    "file": "/Users/HoangNguyen/.android/build-cache/43f078533731f46c2275e5cdc867d969f067de91/output/res/values-large-v4/values-large-v4.xml",
                    "position": {
                        "startLine": 14,
                        "startColumn": 4,
                        "startOffset": 889,
                        "endColumn": 115,
                        "endOffset": 1000
                    }
                }
            }
        ]
    },
    {
        "outputFile": "/Users/HoangNguyen/Library/Mobile Documents/com~apple~CloudDocs/A - AS/AmericanSTEM/C:\\Users\\HoangNguyen\\Desktop\\AmericanSTEM\\app\\build\\intermediates\\incremental\\mergeDebugResources\\merged.dir\\values-large-v4\\values-large-v4.xml",
        "map": [
            {
                "to": {
                    "startLine": 2,
                    "startColumn": 4,
                    "startOffset": 55,
                    "endColumn": 61,
                    "endOffset": 112
                },
                "from": {
                    "file": "/Users/HoangNguyen/Library/Mobile Documents/com~apple~CloudDocs/A - AS/AmericanSTEM/C:\\Users\\HoangNguyen\\.android\\build-cache\\43f078533731f46c2275e5cdc867d969f067de91\\output\\res\\values-large-v4\\values-large-v4.xml",
                    "position": {
                        "startLine": 2,
                        "startColumn": 4,
                        "startOffset": 55,
                        "endColumn": 61,
                        "endOffset": 112
                    }
                }
            },
            {
                "to": {
                    "startLine": 3,
                    "startColumn": 4,
                    "startOffset": 117,
                    "endColumn": 71,
                    "endOffset": 184
                },
                "from": {
                    "file": "/Users/HoangNguyen/Library/Mobile Documents/com~apple~CloudDocs/A - AS/AmericanSTEM/C:\\Users\\HoangNguyen\\.android\\build-cache\\43f078533731f46c2275e5cdc867d969f067de91\\output\\res\\values-large-v4\\values-large-v4.xml",
                    "position": {
                        "startLine": 3,
                        "startColumn": 4,
                        "startOffset": 117,
                        "endColumn": 71,
                        "endOffset": 184
                    }
                }
            },
            {
                "to": {
                    "startLine": 4,
                    "startColumn": 4,
                    "startOffset": 189,
                    "endColumn": 58,
                    "endOffset": 243
                },
                "from": {
                    "file": "/Users/HoangNguyen/Library/Mobile Documents/com~apple~CloudDocs/A - AS/AmericanSTEM/C:\\Users\\HoangNguyen\\.android\\build-cache\\43f078533731f46c2275e5cdc867d969f067de91\\output\\res\\values-large-v4\\values-large-v4.xml",
                    "position": {
                        "startLine": 4,
                        "startColumn": 4,
                        "startOffset": 189,
                        "endColumn": 58,
                        "endOffset": 243
                    }
                }
            },
            {
                "to": {
                    "startLine": 5,
                    "startColumn": 4,
                    "startOffset": 248,
                    "endColumn": 70,
                    "endOffset": 314
                },
                "from": {
                    "file": "/Users/HoangNguyen/Library/Mobile Documents/com~apple~CloudDocs/A - AS/AmericanSTEM/C:\\Users\\HoangNguyen\\.android\\build-cache\\43f078533731f46c2275e5cdc867d969f067de91\\output\\res\\values-large-v4\\values-large-v4.xml",
                    "position": {
                        "startLine": 5,
                        "startColumn": 4,
                        "startOffset": 248,
                        "endColumn": 70,
                        "endOffset": 314
                    }
                }
            },
            {
                "to": {
                    "startLine": 6,
                    "startColumn": 4,
                    "startOffset": 319,
                    "endColumn": 70,
                    "endOffset": 385
                },
                "from": {
                    "file": "/Users/HoangNguyen/Library/Mobile Documents/com~apple~CloudDocs/A - AS/AmericanSTEM/C:\\Users\\HoangNguyen\\.android\\build-cache\\43f078533731f46c2275e5cdc867d969f067de91\\output\\res\\values-large-v4\\values-large-v4.xml",
                    "position": {
                        "startLine": 6,
                        "startColumn": 4,
                        "startOffset": 319,
                        "endColumn": 70,
                        "endOffset": 385
                    }
                }
            },
            {
                "to": {
                    "startLine": 7,
                    "startColumn": 4,
                    "startOffset": 390,
                    "endColumn": 69,
                    "endOffset": 455
                },
                "from": {
                    "file": "/Users/HoangNguyen/Library/Mobile Documents/com~apple~CloudDocs/A - AS/AmericanSTEM/C:\\Users\\HoangNguyen\\.android\\build-cache\\43f078533731f46c2275e5cdc867d969f067de91\\output\\res\\values-large-v4\\values-large-v4.xml",
                    "position": {
                        "startLine": 7,
                        "startColumn": 4,
                        "startOffset": 390,
                        "endColumn": 69,
                        "endOffset": 455
                    }
                }
            },
            {
                "to": {
                    "startLine": 8,
                    "startColumn": 4,
                    "startOffset": 460,
                    "endColumn": 69,
                    "endOffset": 525
                },
                "from": {
                    "file": "/Users/HoangNguyen/Library/Mobile Documents/com~apple~CloudDocs/A - AS/AmericanSTEM/C:\\Users\\HoangNguyen\\.android\\build-cache\\43f078533731f46c2275e5cdc867d969f067de91\\output\\res\\values-large-v4\\values-large-v4.xml",
                    "position": {
                        "startLine": 8,
                        "startColumn": 4,
                        "startOffset": 460,
                        "endColumn": 69,
                        "endOffset": 525
                    }
                }
            },
            {
                "to": {
                    "startLine": 9,
                    "startColumn": 4,
                    "startOffset": 530,
                    "endColumn": 67,
                    "endOffset": 593
                },
                "from": {
                    "file": "/Users/HoangNguyen/Library/Mobile Documents/com~apple~CloudDocs/A - AS/AmericanSTEM/C:\\Users\\HoangNguyen\\.android\\build-cache\\43f078533731f46c2275e5cdc867d969f067de91\\output\\res\\values-large-v4\\values-large-v4.xml",
                    "position": {
                        "startLine": 9,
                        "startColumn": 4,
                        "startOffset": 530,
                        "endColumn": 67,
                        "endOffset": 593
                    }
                }
            },
            {
                "to": {
                    "startLine": 10,
                    "startColumn": 4,
                    "startOffset": 598,
                    "endColumn": 67,
                    "endOffset": 661
                },
                "from": {
                    "file": "/Users/HoangNguyen/Library/Mobile Documents/com~apple~CloudDocs/A - AS/AmericanSTEM/C:\\Users\\HoangNguyen\\.android\\build-cache\\43f078533731f46c2275e5cdc867d969f067de91\\output\\res\\values-large-v4\\values-large-v4.xml",
                    "position": {
                        "startLine": 10,
                        "startColumn": 4,
                        "startOffset": 598,
                        "endColumn": 67,
                        "endOffset": 661
                    }
                }
            },
            {
                "to": {
                    "startLine": 11,
                    "startColumn": 4,
                    "startOffset": 666,
                    "endColumn": 63,
                    "endOffset": 725
                },
                "from": {
                    "file": "/Users/HoangNguyen/Library/Mobile Documents/com~apple~CloudDocs/A - AS/AmericanSTEM/C:\\Users\\HoangNguyen\\.android\\build-cache\\43f078533731f46c2275e5cdc867d969f067de91\\output\\res\\values-large-v4\\values-large-v4.xml",
                    "position": {
                        "startLine": 11,
                        "startColumn": 4,
                        "startOffset": 666,
                        "endColumn": 63,
                        "endOffset": 725
                    }
                }
            },
            {
                "to": {
                    "startLine": 12,
                    "startColumn": 4,
                    "startOffset": 730,
                    "endColumn": 54,
                    "endOffset": 780
                },
                "from": {
                    "file": "/Users/HoangNguyen/Library/Mobile Documents/com~apple~CloudDocs/A - AS/AmericanSTEM/C:\\Users\\HoangNguyen\\.android\\build-cache\\43f078533731f46c2275e5cdc867d969f067de91\\output\\res\\values-large-v4\\values-large-v4.xml",
                    "position": {
                        "startLine": 12,
                        "startColumn": 4,
                        "startOffset": 730,
                        "endColumn": 54,
                        "endOffset": 780
                    }
                }
            },
            {
                "to": {
                    "startLine": 13,
                    "startColumn": 4,
                    "startOffset": 785,
                    "endColumn": 103,
                    "endOffset": 884
                },
                "from": {
                    "file": "/Users/HoangNguyen/Library/Mobile Documents/com~apple~CloudDocs/A - AS/AmericanSTEM/C:\\Users\\HoangNguyen\\.android\\build-cache\\43f078533731f46c2275e5cdc867d969f067de91\\output\\res\\values-large-v4\\values-large-v4.xml",
                    "position": {
                        "startLine": 13,
                        "startColumn": 4,
                        "startOffset": 785,
                        "endColumn": 103,
                        "endOffset": 884
                    }
                }
            },
            {
                "to": {
                    "startLine": 14,
                    "startColumn": 4,
                    "startOffset": 889,
                    "endColumn": 115,
                    "endOffset": 1000
                },
                "from": {
                    "file": "/Users/HoangNguyen/Library/Mobile Documents/com~apple~CloudDocs/A - AS/AmericanSTEM/C:\\Users\\HoangNguyen\\.android\\build-cache\\43f078533731f46c2275e5cdc867d969f067de91\\output\\res\\values-large-v4\\values-large-v4.xml",
                    "position": {
                        "startLine": 14,
                        "startColumn": 4,
                        "startOffset": 889,
                        "endColumn": 115,
                        "endOffset": 1000
                    }
                }
            }
        ]
    },
    {
        "outputFile": "/Users/HoangNguyen/Library/Mobile Documents/com~apple~CloudDocs/A - AS/AmericanSTEM/C:\\Users\\Hoang Nguyen\\iCloudDrive\\A - AS\\AmericanSTEM\\app\\build\\intermediates\\incremental\\mergeDebugResources\\merged.dir\\values-large-v4\\values-large-v4.xml",
        "map": [
            {
                "to": {
                    "startLine": 2,
                    "startColumn": 4,
                    "startOffset": 55,
                    "endColumn": 61,
                    "endOffset": 112
                },
                "from": {
                    "file": "/Users/HoangNguyen/Library/Mobile Documents/com~apple~CloudDocs/A - AS/AmericanSTEM/C:\\Users\\Hoang Nguyen\\.android\\build-cache\\5bb72b998dfd92d1f1290e1783b2f3fadf293585\\output\\res\\values-large-v4\\values-large-v4.xml",
                    "position": {
                        "startLine": 2,
                        "startColumn": 4,
                        "startOffset": 55,
                        "endColumn": 61,
                        "endOffset": 112
                    }
                }
            },
            {
                "to": {
                    "startLine": 3,
                    "startColumn": 4,
                    "startOffset": 117,
                    "endColumn": 71,
                    "endOffset": 184
                },
                "from": {
                    "file": "/Users/HoangNguyen/Library/Mobile Documents/com~apple~CloudDocs/A - AS/AmericanSTEM/C:\\Users\\Hoang Nguyen\\.android\\build-cache\\5bb72b998dfd92d1f1290e1783b2f3fadf293585\\output\\res\\values-large-v4\\values-large-v4.xml",
                    "position": {
                        "startLine": 3,
                        "startColumn": 4,
                        "startOffset": 117,
                        "endColumn": 71,
                        "endOffset": 184
                    }
                }
            },
            {
                "to": {
                    "startLine": 4,
                    "startColumn": 4,
                    "startOffset": 189,
                    "endColumn": 58,
                    "endOffset": 243
                },
                "from": {
                    "file": "/Users/HoangNguyen/Library/Mobile Documents/com~apple~CloudDocs/A - AS/AmericanSTEM/C:\\Users\\Hoang Nguyen\\.android\\build-cache\\5bb72b998dfd92d1f1290e1783b2f3fadf293585\\output\\res\\values-large-v4\\values-large-v4.xml",
                    "position": {
                        "startLine": 4,
                        "startColumn": 4,
                        "startOffset": 189,
                        "endColumn": 58,
                        "endOffset": 243
                    }
                }
            },
            {
                "to": {
                    "startLine": 5,
                    "startColumn": 4,
                    "startOffset": 248,
                    "endColumn": 70,
                    "endOffset": 314
                },
                "from": {
                    "file": "/Users/HoangNguyen/Library/Mobile Documents/com~apple~CloudDocs/A - AS/AmericanSTEM/C:\\Users\\Hoang Nguyen\\.android\\build-cache\\5bb72b998dfd92d1f1290e1783b2f3fadf293585\\output\\res\\values-large-v4\\values-large-v4.xml",
                    "position": {
                        "startLine": 5,
                        "startColumn": 4,
                        "startOffset": 248,
                        "endColumn": 70,
                        "endOffset": 314
                    }
                }
            },
            {
                "to": {
                    "startLine": 6,
                    "startColumn": 4,
                    "startOffset": 319,
                    "endColumn": 70,
                    "endOffset": 385
                },
                "from": {
                    "file": "/Users/HoangNguyen/Library/Mobile Documents/com~apple~CloudDocs/A - AS/AmericanSTEM/C:\\Users\\Hoang Nguyen\\.android\\build-cache\\5bb72b998dfd92d1f1290e1783b2f3fadf293585\\output\\res\\values-large-v4\\values-large-v4.xml",
                    "position": {
                        "startLine": 6,
                        "startColumn": 4,
                        "startOffset": 319,
                        "endColumn": 70,
                        "endOffset": 385
                    }
                }
            },
            {
                "to": {
                    "startLine": 7,
                    "startColumn": 4,
                    "startOffset": 390,
                    "endColumn": 69,
                    "endOffset": 455
                },
                "from": {
                    "file": "/Users/HoangNguyen/Library/Mobile Documents/com~apple~CloudDocs/A - AS/AmericanSTEM/C:\\Users\\Hoang Nguyen\\.android\\build-cache\\5bb72b998dfd92d1f1290e1783b2f3fadf293585\\output\\res\\values-large-v4\\values-large-v4.xml",
                    "position": {
                        "startLine": 7,
                        "startColumn": 4,
                        "startOffset": 390,
                        "endColumn": 69,
                        "endOffset": 455
                    }
                }
            },
            {
                "to": {
                    "startLine": 8,
                    "startColumn": 4,
                    "startOffset": 460,
                    "endColumn": 69,
                    "endOffset": 525
                },
                "from": {
                    "file": "/Users/HoangNguyen/Library/Mobile Documents/com~apple~CloudDocs/A - AS/AmericanSTEM/C:\\Users\\Hoang Nguyen\\.android\\build-cache\\5bb72b998dfd92d1f1290e1783b2f3fadf293585\\output\\res\\values-large-v4\\values-large-v4.xml",
                    "position": {
                        "startLine": 8,
                        "startColumn": 4,
                        "startOffset": 460,
                        "endColumn": 69,
                        "endOffset": 525
                    }
                }
            },
            {
                "to": {
                    "startLine": 9,
                    "startColumn": 4,
                    "startOffset": 530,
                    "endColumn": 67,
                    "endOffset": 593
                },
                "from": {
                    "file": "/Users/HoangNguyen/Library/Mobile Documents/com~apple~CloudDocs/A - AS/AmericanSTEM/C:\\Users\\Hoang Nguyen\\.android\\build-cache\\5bb72b998dfd92d1f1290e1783b2f3fadf293585\\output\\res\\values-large-v4\\values-large-v4.xml",
                    "position": {
                        "startLine": 9,
                        "startColumn": 4,
                        "startOffset": 530,
                        "endColumn": 67,
                        "endOffset": 593
                    }
                }
            },
            {
                "to": {
                    "startLine": 10,
                    "startColumn": 4,
                    "startOffset": 598,
                    "endColumn": 67,
                    "endOffset": 661
                },
                "from": {
                    "file": "/Users/HoangNguyen/Library/Mobile Documents/com~apple~CloudDocs/A - AS/AmericanSTEM/C:\\Users\\Hoang Nguyen\\.android\\build-cache\\5bb72b998dfd92d1f1290e1783b2f3fadf293585\\output\\res\\values-large-v4\\values-large-v4.xml",
                    "position": {
                        "startLine": 10,
                        "startColumn": 4,
                        "startOffset": 598,
                        "endColumn": 67,
                        "endOffset": 661
                    }
                }
            },
            {
                "to": {
                    "startLine": 11,
                    "startColumn": 4,
                    "startOffset": 666,
                    "endColumn": 63,
                    "endOffset": 725
                },
                "from": {
                    "file": "/Users/HoangNguyen/Library/Mobile Documents/com~apple~CloudDocs/A - AS/AmericanSTEM/C:\\Users\\Hoang Nguyen\\.android\\build-cache\\5bb72b998dfd92d1f1290e1783b2f3fadf293585\\output\\res\\values-large-v4\\values-large-v4.xml",
                    "position": {
                        "startLine": 11,
                        "startColumn": 4,
                        "startOffset": 666,
                        "endColumn": 63,
                        "endOffset": 725
                    }
                }
            },
            {
                "to": {
                    "startLine": 12,
                    "startColumn": 4,
                    "startOffset": 730,
                    "endColumn": 54,
                    "endOffset": 780
                },
                "from": {
                    "file": "/Users/HoangNguyen/Library/Mobile Documents/com~apple~CloudDocs/A - AS/AmericanSTEM/C:\\Users\\Hoang Nguyen\\.android\\build-cache\\5bb72b998dfd92d1f1290e1783b2f3fadf293585\\output\\res\\values-large-v4\\values-large-v4.xml",
                    "position": {
                        "startLine": 12,
                        "startColumn": 4,
                        "startOffset": 730,
                        "endColumn": 54,
                        "endOffset": 780
                    }
                }
            },
            {
                "to": {
                    "startLine": 13,
                    "startColumn": 4,
                    "startOffset": 785,
                    "endColumn": 103,
                    "endOffset": 884
                },
                "from": {
                    "file": "/Users/HoangNguyen/Library/Mobile Documents/com~apple~CloudDocs/A - AS/AmericanSTEM/C:\\Users\\Hoang Nguyen\\.android\\build-cache\\5bb72b998dfd92d1f1290e1783b2f3fadf293585\\output\\res\\values-large-v4\\values-large-v4.xml",
                    "position": {
                        "startLine": 13,
                        "startColumn": 4,
                        "startOffset": 785,
                        "endColumn": 103,
                        "endOffset": 884
                    }
                }
            },
            {
                "to": {
                    "startLine": 14,
                    "startColumn": 4,
                    "startOffset": 889,
                    "endColumn": 115,
                    "endOffset": 1000
                },
                "from": {
                    "file": "/Users/HoangNguyen/Library/Mobile Documents/com~apple~CloudDocs/A - AS/AmericanSTEM/C:\\Users\\Hoang Nguyen\\.android\\build-cache\\5bb72b998dfd92d1f1290e1783b2f3fadf293585\\output\\res\\values-large-v4\\values-large-v4.xml",
                    "position": {
                        "startLine": 14,
                        "startColumn": 4,
                        "startOffset": 889,
                        "endColumn": 115,
                        "endOffset": 1000
                    }
                }
            }
        ]
    }
]