[
    {
        "outputFile": "/Users/HoangNguyen/Library/Mobile Documents/com~apple~CloudDocs/A - AS/AmericanSTEM/app/build/intermediates/incremental/mergeDebugResources/merged.dir/values-he/values-he.xml",
        "map": [
            {
                "to": {
                    "startLine": 2,
                    "startColumn": 4,
                    "startOffset": 55,
                    "endColumn": 55,
                    "endOffset": 106
                },
                "from": {
                    "file": "/Users/HoangNguyen/.android/build-cache/2940556da38581d1da2a43043d08cca36087cd13/output/res/values-he/values.xml",
                    "position": {
                        "startLine": 3,
                        "startColumn": 4,
                        "startOffset": 56,
                        "endColumn": 55,
                        "endOffset": 107
                    }
                }
            },
            {
                "to": {
                    "startLine": 3,
                    "startColumn": 4,
                    "startOffset": 111,
                    "endColumn": 53,
                    "endOffset": 160
                },
                "from": {
                    "file": "/Users/HoangNguyen/.android/build-cache/2940556da38581d1da2a43043d08cca36087cd13/output/res/values-he/values.xml",
                    "position": {
                        "startLine": 4,
                        "startColumn": 4,
                        "startOffset": 112,
                        "endColumn": 53,
                        "endOffset": 161
                    }
                }
            },
            {
                "to": {
                    "startLine": 4,
                    "startColumn": 4,
                    "startOffset": 165,
                    "endColumn": 49,
                    "endOffset": 210
                },
                "from": {
                    "file": "/Users/HoangNguyen/.android/build-cache/2940556da38581d1da2a43043d08cca36087cd13/output/res/values-he/values.xml",
                    "position": {
                        "startLine": 5,
                        "startColumn": 4,
                        "startOffset": 166,
                        "endColumn": 49,
                        "endOffset": 211
                    }
                }
            },
            {
                "to": {
                    "startLine": 5,
                    "startColumn": 4,
                    "startOffset": 215,
                    "endColumn": 63,
                    "endOffset": 274
                },
                "from": {
                    "file": "/Users/HoangNguyen/.android/build-cache/2940556da38581d1da2a43043d08cca36087cd13/output/res/values-he/values.xml",
                    "position": {
                        "startLine": 6,
                        "startColumn": 4,
                        "startOffset": 216,
                        "endColumn": 63,
                        "endOffset": 275
                    }
                }
            },
            {
                "to": {
                    "startLine": 6,
                    "startColumn": 4,
                    "startOffset": 279,
                    "endColumn": 68,
                    "endOffset": 343
                },
                "from": {
                    "file": "/Users/HoangNguyen/.android/build-cache/2940556da38581d1da2a43043d08cca36087cd13/output/res/values-he/values.xml",
                    "position": {
                        "startLine": 7,
                        "startColumn": 4,
                        "startOffset": 280,
                        "endColumn": 68,
                        "endOffset": 344
                    }
                }
            },
            {
                "to": {
                    "startLine": 7,
                    "startColumn": 4,
                    "startOffset": 348,
                    "endColumn": 73,
                    "endOffset": 417
                },
                "from": {
                    "file": "/Users/HoangNguyen/.android/build-cache/2940556da38581d1da2a43043d08cca36087cd13/output/res/values-he/values.xml",
                    "position": {
                        "startLine": 8,
                        "startColumn": 4,
                        "startOffset": 349,
                        "endColumn": 73,
                        "endOffset": 418
                    }
                }
            },
            {
                "to": {
                    "startLine": 8,
                    "startColumn": 4,
                    "startOffset": 422,
                    "endColumn": 59,
                    "endOffset": 477
                },
                "from": {
                    "file": "/Users/HoangNguyen/.android/build-cache/2940556da38581d1da2a43043d08cca36087cd13/output/res/values-he/values.xml",
                    "position": {
                        "startLine": 9,
                        "startColumn": 4,
                        "startOffset": 423,
                        "endColumn": 59,
                        "endOffset": 478
                    }
                }
            },
            {
                "to": {
                    "startLine": 9,
                    "startColumn": 4,
                    "startOffset": 482,
                    "endColumn": 56,
                    "endOffset": 534
                },
                "from": {
                    "file": "/Users/HoangNguyen/.android/build-cache/2940556da38581d1da2a43043d08cca36087cd13/output/res/values-he/values.xml",
                    "position": {
                        "startLine": 10,
                        "startColumn": 4,
                        "startOffset": 483,
                        "endColumn": 56,
                        "endOffset": 535
                    }
                }
            },
            {
                "to": {
                    "startLine": 10,
                    "startColumn": 4,
                    "startOffset": 539,
                    "endColumn": 57,
                    "endOffset": 592
                },
                "from": {
                    "file": "/Users/HoangNguyen/.android/build-cache/2940556da38581d1da2a43043d08cca36087cd13/output/res/values-he/values.xml",
                    "position": {
                        "startLine": 11,
                        "startColumn": 4,
                        "startOffset": 540,
                        "endColumn": 57,
                        "endOffset": 593
                    }
                }
            },
            {
                "to": {
                    "startLine": 11,
                    "startColumn": 4,
                    "startOffset": 597,
                    "endColumn": 65,
                    "endOffset": 658
                },
                "from": {
                    "file": "/Users/HoangNguyen/.android/build-cache/2940556da38581d1da2a43043d08cca36087cd13/output/res/values-he/values.xml",
                    "position": {
                        "startLine": 12,
                        "startColumn": 4,
                        "startOffset": 598,
                        "endColumn": 65,
                        "endOffset": 659
                    }
                }
            },
            {
                "to": {
                    "startLine": 12,
                    "startColumn": 4,
                    "startOffset": 663,
                    "endColumn": 63,
                    "endOffset": 722
                },
                "from": {
                    "file": "/Users/HoangNguyen/.android/build-cache/2940556da38581d1da2a43043d08cca36087cd13/output/res/values-he/values.xml",
                    "position": {
                        "startLine": 13,
                        "startColumn": 4,
                        "startOffset": 664,
                        "endColumn": 63,
                        "endOffset": 723
                    }
                }
            },
            {
                "to": {
                    "startLine": 13,
                    "startColumn": 4,
                    "startOffset": 727,
                    "endColumn": 48,
                    "endOffset": 771
                },
                "from": {
                    "file": "/Users/HoangNguyen/.android/build-cache/2940556da38581d1da2a43043d08cca36087cd13/output/res/values-he/values.xml",
                    "position": {
                        "startLine": 14,
                        "startColumn": 4,
                        "startOffset": 728,
                        "endColumn": 48,
                        "endOffset": 772
                    }
                }
            },
            {
                "to": {
                    "startLine": 14,
                    "startColumn": 4,
                    "startOffset": 776,
                    "endColumn": 48,
                    "endOffset": 820
                },
                "from": {
                    "file": "/Users/HoangNguyen/.android/build-cache/2940556da38581d1da2a43043d08cca36087cd13/output/res/values-he/values.xml",
                    "position": {
                        "startLine": 15,
                        "startColumn": 4,
                        "startOffset": 777,
                        "endColumn": 48,
                        "endOffset": 821
                    }
                }
            },
            {
                "to": {
                    "startLine": 15,
                    "startColumn": 4,
                    "startOffset": 825,
                    "endColumn": 134,
                    "endOffset": 955
                },
                "from": {
                    "file": "/Users/HoangNguyen/.android/build-cache/2940556da38581d1da2a43043d08cca36087cd13/output/res/values-he/values.xml",
                    "position": {
                        "startLine": 16,
                        "startColumn": 4,
                        "startOffset": 826,
                        "endColumn": 134,
                        "endOffset": 956
                    }
                }
            },
            {
                "to": {
                    "startLine": 16,
                    "startColumn": 4,
                    "startOffset": 960,
                    "endColumn": 58,
                    "endOffset": 1014
                },
                "from": {
                    "file": "/Users/HoangNguyen/.android/build-cache/2940556da38581d1da2a43043d08cca36087cd13/output/res/values-he/values.xml",
                    "position": {
                        "startLine": 17,
                        "startColumn": 4,
                        "startOffset": 961,
                        "endColumn": 58,
                        "endOffset": 1015
                    }
                }
            },
            {
                "to": {
                    "startLine": 17,
                    "startColumn": 4,
                    "startOffset": 1019,
                    "endColumn": 61,
                    "endOffset": 1076
                },
                "from": {
                    "file": "/Users/HoangNguyen/.android/build-cache/2940556da38581d1da2a43043d08cca36087cd13/output/res/values-he/values.xml",
                    "position": {
                        "startLine": 18,
                        "startColumn": 4,
                        "startOffset": 1020,
                        "endColumn": 61,
                        "endOffset": 1077
                    }
                }
            },
            {
                "to": {
                    "startLine": 18,
                    "startColumn": 4,
                    "startOffset": 1081,
                    "endColumn": 89,
                    "endOffset": 1166
                },
                "from": {
                    "file": "/Users/HoangNguyen/.android/build-cache/2940556da38581d1da2a43043d08cca36087cd13/output/res/values-he/values.xml",
                    "position": {
                        "startLine": 19,
                        "startColumn": 4,
                        "startOffset": 1082,
                        "endColumn": 89,
                        "endOffset": 1167
                    }
                }
            },
            {
                "to": {
                    "startLine": 19,
                    "startColumn": 4,
                    "startOffset": 1171,
                    "endColumn": 54,
                    "endOffset": 1221
                },
                "from": {
                    "file": "/Users/HoangNguyen/.android/build-cache/2940556da38581d1da2a43043d08cca36087cd13/output/res/values-he/values.xml",
                    "position": {
                        "startLine": 20,
                        "startColumn": 4,
                        "startOffset": 1172,
                        "endColumn": 54,
                        "endOffset": 1222
                    }
                }
            },
            {
                "to": {
                    "startLine": 20,
                    "startColumn": 4,
                    "startOffset": 1226,
                    "endColumn": 54,
                    "endOffset": 1276
                },
                "from": {
                    "file": "/Users/HoangNguyen/.android/build-cache/2940556da38581d1da2a43043d08cca36087cd13/output/res/values-he/values.xml",
                    "position": {
                        "startLine": 21,
                        "startColumn": 4,
                        "startOffset": 1227,
                        "endColumn": 54,
                        "endOffset": 1277
                    }
                }
            },
            {
                "to": {
                    "startLine": 21,
                    "startColumn": 4,
                    "startOffset": 1281,
                    "endColumn": 104,
                    "endOffset": 1381
                },
                "from": {
                    "file": "/Users/HoangNguyen/.android/build-cache/2940556da38581d1da2a43043d08cca36087cd13/output/res/values-he/values.xml",
                    "position": {
                        "startLine": 22,
                        "startColumn": 4,
                        "startOffset": 1282,
                        "endColumn": 104,
                        "endOffset": 1382
                    }
                }
            },
            {
                "to": {
                    "startLine": 22,
                    "startColumn": 4,
                    "startOffset": 1386,
                    "endColumn": 80,
                    "endOffset": 1462
                },
                "from": {
                    "file": "/Users/HoangNguyen/.android/build-cache/2940556da38581d1da2a43043d08cca36087cd13/output/res/values-he/values.xml",
                    "position": {
                        "startLine": 23,
                        "startColumn": 4,
                        "startOffset": 1387,
                        "endColumn": 80,
                        "endOffset": 1463
                    }
                }
            }
        ]
    }
]