[
    {
        "outputFile": "/Users/HoangNguyen/Library/Mobile Documents/com~apple~CloudDocs/A - AS/AmericanSTEM/app/build/intermediates/incremental/mergeDebugResources/merged.dir/values-id/values-id.xml",
        "map": [
            {
                "to": {
                    "startLine": 2,
                    "startColumn": 4,
                    "startOffset": 55,
                    "endColumn": 58,
                    "endOffset": 109
                },
                "from": {
                    "file": "/Users/HoangNguyen/.android/build-cache/2940556da38581d1da2a43043d08cca36087cd13/output/res/values-id/values.xml",
                    "position": {
                        "startLine": 3,
                        "startColumn": 4,
                        "startOffset": 56,
                        "endColumn": 58,
                        "endOffset": 110
                    }
                }
            },
            {
                "to": {
                    "startLine": 3,
                    "startColumn": 4,
                    "startOffset": 114,
                    "endColumn": 53,
                    "endOffset": 163
                },
                "from": {
                    "file": "/Users/HoangNguyen/.android/build-cache/2940556da38581d1da2a43043d08cca36087cd13/output/res/values-id/values.xml",
                    "position": {
                        "startLine": 4,
                        "startColumn": 4,
                        "startOffset": 115,
                        "endColumn": 53,
                        "endOffset": 164
                    }
                }
            },
            {
                "to": {
                    "startLine": 4,
                    "startColumn": 4,
                    "startOffset": 168,
                    "endColumn": 46,
                    "endOffset": 210
                },
                "from": {
                    "file": "/Users/HoangNguyen/.android/build-cache/2940556da38581d1da2a43043d08cca36087cd13/output/res/values-id/values.xml",
                    "position": {
                        "startLine": 5,
                        "startColumn": 4,
                        "startOffset": 169,
                        "endColumn": 46,
                        "endOffset": 211
                    }
                }
            },
            {
                "to": {
                    "startLine": 5,
                    "startColumn": 4,
                    "startOffset": 215,
                    "endColumn": 67,
                    "endOffset": 278
                },
                "from": {
                    "file": "/Users/HoangNguyen/.android/build-cache/2940556da38581d1da2a43043d08cca36087cd13/output/res/values-id/values.xml",
                    "position": {
                        "startLine": 6,
                        "startColumn": 4,
                        "startOffset": 216,
                        "endColumn": 67,
                        "endOffset": 279
                    }
                }
            },
            {
                "to": {
                    "startLine": 6,
                    "startColumn": 4,
                    "startOffset": 283,
                    "endColumn": 61,
                    "endOffset": 340
                },
                "from": {
                    "file": "/Users/HoangNguyen/.android/build-cache/2940556da38581d1da2a43043d08cca36087cd13/output/res/values-id/values.xml",
                    "position": {
                        "startLine": 7,
                        "startColumn": 4,
                        "startOffset": 284,
                        "endColumn": 61,
                        "endOffset": 341
                    }
                }
            },
            {
                "to": {
                    "startLine": 7,
                    "startColumn": 4,
                    "startOffset": 345,
                    "endColumn": 71,
                    "endOffset": 412
                },
                "from": {
                    "file": "/Users/HoangNguyen/.android/build-cache/2940556da38581d1da2a43043d08cca36087cd13/output/res/values-id/values.xml",
                    "position": {
                        "startLine": 8,
                        "startColumn": 4,
                        "startOffset": 346,
                        "endColumn": 71,
                        "endOffset": 413
                    }
                }
            },
            {
                "to": {
                    "startLine": 8,
                    "startColumn": 4,
                    "startOffset": 417,
                    "endColumn": 62,
                    "endOffset": 475
                },
                "from": {
                    "file": "/Users/HoangNguyen/.android/build-cache/2940556da38581d1da2a43043d08cca36087cd13/output/res/values-id/values.xml",
                    "position": {
                        "startLine": 9,
                        "startColumn": 4,
                        "startOffset": 418,
                        "endColumn": 62,
                        "endOffset": 476
                    }
                }
            },
            {
                "to": {
                    "startLine": 9,
                    "startColumn": 4,
                    "startOffset": 480,
                    "endColumn": 57,
                    "endOffset": 533
                },
                "from": {
                    "file": "/Users/HoangNguyen/.android/build-cache/2940556da38581d1da2a43043d08cca36087cd13/output/res/values-id/values.xml",
                    "position": {
                        "startLine": 10,
                        "startColumn": 4,
                        "startOffset": 481,
                        "endColumn": 57,
                        "endOffset": 534
                    }
                }
            },
            {
                "to": {
                    "startLine": 10,
                    "startColumn": 4,
                    "startOffset": 538,
                    "endColumn": 58,
                    "endOffset": 592
                },
                "from": {
                    "file": "/Users/HoangNguyen/.android/build-cache/2940556da38581d1da2a43043d08cca36087cd13/output/res/values-id/values.xml",
                    "position": {
                        "startLine": 11,
                        "startColumn": 4,
                        "startOffset": 539,
                        "endColumn": 58,
                        "endOffset": 593
                    }
                }
            },
            {
                "to": {
                    "startLine": 11,
                    "startColumn": 4,
                    "startOffset": 597,
                    "endColumn": 67,
                    "endOffset": 660
                },
                "from": {
                    "file": "/Users/HoangNguyen/.android/build-cache/2940556da38581d1da2a43043d08cca36087cd13/output/res/values-id/values.xml",
                    "position": {
                        "startLine": 12,
                        "startColumn": 4,
                        "startOffset": 598,
                        "endColumn": 67,
                        "endOffset": 661
                    }
                }
            },
            {
                "to": {
                    "startLine": 12,
                    "startColumn": 4,
                    "startOffset": 665,
                    "endColumn": 65,
                    "endOffset": 726
                },
                "from": {
                    "file": "/Users/HoangNguyen/.android/build-cache/2940556da38581d1da2a43043d08cca36087cd13/output/res/values-id/values.xml",
                    "position": {
                        "startLine": 13,
                        "startColumn": 4,
                        "startOffset": 666,
                        "endColumn": 65,
                        "endOffset": 727
                    }
                }
            },
            {
                "to": {
                    "startLine": 13,
                    "startColumn": 4,
                    "startOffset": 731,
                    "endColumn": 51,
                    "endOffset": 778
                },
                "from": {
                    "file": "/Users/HoangNguyen/.android/build-cache/2940556da38581d1da2a43043d08cca36087cd13/output/res/values-id/values.xml",
                    "position": {
                        "startLine": 14,
                        "startColumn": 4,
                        "startOffset": 732,
                        "endColumn": 51,
                        "endOffset": 779
                    }
                }
            },
            {
                "to": {
                    "startLine": 14,
                    "startColumn": 4,
                    "startOffset": 783,
                    "endColumn": 52,
                    "endOffset": 831
                },
                "from": {
                    "file": "/Users/HoangNguyen/.android/build-cache/2940556da38581d1da2a43043d08cca36087cd13/output/res/values-id/values.xml",
                    "position": {
                        "startLine": 15,
                        "startColumn": 4,
                        "startOffset": 784,
                        "endColumn": 52,
                        "endOffset": 832
                    }
                }
            },
            {
                "to": {
                    "startLine": 15,
                    "startColumn": 4,
                    "startOffset": 836,
                    "endColumn": 144,
                    "endOffset": 976
                },
                "from": {
                    "file": "/Users/HoangNguyen/.android/build-cache/2940556da38581d1da2a43043d08cca36087cd13/output/res/values-id/values.xml",
                    "position": {
                        "startLine": 16,
                        "startColumn": 4,
                        "startOffset": 837,
                        "endColumn": 144,
                        "endOffset": 977
                    }
                }
            },
            {
                "to": {
                    "startLine": 16,
                    "startColumn": 4,
                    "startOffset": 981,
                    "endColumn": 59,
                    "endOffset": 1036
                },
                "from": {
                    "file": "/Users/HoangNguyen/.android/build-cache/2940556da38581d1da2a43043d08cca36087cd13/output/res/values-id/values.xml",
                    "position": {
                        "startLine": 17,
                        "startColumn": 4,
                        "startOffset": 982,
                        "endColumn": 59,
                        "endOffset": 1037
                    }
                }
            },
            {
                "to": {
                    "startLine": 17,
                    "startColumn": 4,
                    "startOffset": 1041,
                    "endColumn": 59,
                    "endOffset": 1096
                },
                "from": {
                    "file": "/Users/HoangNguyen/.android/build-cache/2940556da38581d1da2a43043d08cca36087cd13/output/res/values-id/values.xml",
                    "position": {
                        "startLine": 18,
                        "startColumn": 4,
                        "startOffset": 1042,
                        "endColumn": 59,
                        "endOffset": 1097
                    }
                }
            },
            {
                "to": {
                    "startLine": 18,
                    "startColumn": 4,
                    "startOffset": 1101,
                    "endColumn": 108,
                    "endOffset": 1205
                },
                "from": {
                    "file": "/Users/HoangNguyen/.android/build-cache/2940556da38581d1da2a43043d08cca36087cd13/output/res/values-id/values.xml",
                    "position": {
                        "startLine": 19,
                        "startColumn": 4,
                        "startOffset": 1102,
                        "endColumn": 108,
                        "endOffset": 1206
                    }
                }
            },
            {
                "to": {
                    "startLine": 19,
                    "startColumn": 4,
                    "startOffset": 1210,
                    "endColumn": 56,
                    "endOffset": 1262
                },
                "from": {
                    "file": "/Users/HoangNguyen/.android/build-cache/2940556da38581d1da2a43043d08cca36087cd13/output/res/values-id/values.xml",
                    "position": {
                        "startLine": 20,
                        "startColumn": 4,
                        "startOffset": 1211,
                        "endColumn": 56,
                        "endOffset": 1263
                    }
                }
            },
            {
                "to": {
                    "startLine": 20,
                    "startColumn": 4,
                    "startOffset": 1267,
                    "endColumn": 55,
                    "endOffset": 1318
                },
                "from": {
                    "file": "/Users/HoangNguyen/.android/build-cache/2940556da38581d1da2a43043d08cca36087cd13/output/res/values-id/values.xml",
                    "position": {
                        "startLine": 21,
                        "startColumn": 4,
                        "startOffset": 1268,
                        "endColumn": 55,
                        "endOffset": 1319
                    }
                }
            },
            {
                "to": {
                    "startLine": 21,
                    "startColumn": 4,
                    "startOffset": 1323,
                    "endColumn": 118,
                    "endOffset": 1437
                },
                "from": {
                    "file": "/Users/HoangNguyen/.android/build-cache/2940556da38581d1da2a43043d08cca36087cd13/output/res/values-id/values.xml",
                    "position": {
                        "startLine": 22,
                        "startColumn": 4,
                        "startOffset": 1324,
                        "endColumn": 118,
                        "endOffset": 1438
                    }
                }
            },
            {
                "to": {
                    "startLine": 22,
                    "startColumn": 4,
                    "startOffset": 1442,
                    "endColumn": 84,
                    "endOffset": 1522
                },
                "from": {
                    "file": "/Users/HoangNguyen/.android/build-cache/2940556da38581d1da2a43043d08cca36087cd13/output/res/values-id/values.xml",
                    "position": {
                        "startLine": 23,
                        "startColumn": 4,
                        "startOffset": 1443,
                        "endColumn": 84,
                        "endOffset": 1523
                    }
                }
            }
        ]
    }
]