[
    {
        "outputFile": "/Users/HoangNguyen/Library/Mobile Documents/com~apple~CloudDocs/A - AS/AmericanSTEM/C:\\Users\\HoangNguyen\\Desktop\\AmericanSTEM\\app\\build\\intermediates\\incremental\\mergeDebugResources\\merged.dir\\values-v17\\values-v17.xml",
        "map": [
            {
                "to": {
                    "startLine": 2,
                    "startColumn": 4,
                    "startOffset": 55,
                    "endLine": 4,
                    "endColumn": 12,
                    "endOffset": 223
                },
                "from": {
                    "file": "/Users/HoangNguyen/Library/Mobile Documents/com~apple~CloudDocs/A - AS/AmericanSTEM/C:\\Users\\HoangNguyen\\.android\\build-cache\\43f078533731f46c2275e5cdc867d969f067de91\\output\\res\\values-v17\\values-v17.xml",
                    "position": {
                        "startLine": 2,
                        "startColumn": 4,
                        "startOffset": 55,
                        "endLine": 4,
                        "endColumn": 12,
                        "endOffset": 223
                    }
                }
            },
            {
                "to": {
                    "startLine": 5,
                    "startColumn": 4,
                    "startOffset": 228,
                    "endLine": 8,
                    "endColumn": 12,
                    "endOffset": 451
                },
                "from": {
                    "file": "/Users/HoangNguyen/Library/Mobile Documents/com~apple~CloudDocs/A - AS/AmericanSTEM/C:\\Users\\HoangNguyen\\.android\\build-cache\\43f078533731f46c2275e5cdc867d969f067de91\\output\\res\\values-v17\\values-v17.xml",
                    "position": {
                        "startLine": 5,
                        "startColumn": 4,
                        "startOffset": 228,
                        "endLine": 8,
                        "endColumn": 12,
                        "endOffset": 451
                    }
                }
            },
            {
                "to": {
                    "startLine": 9,
                    "startColumn": 4,
                    "startOffset": 456,
                    "endLine": 11,
                    "endColumn": 12,
                    "endOffset": 609
                },
                "from": {
                    "file": "/Users/HoangNguyen/Library/Mobile Documents/com~apple~CloudDocs/A - AS/AmericanSTEM/C:\\Users\\HoangNguyen\\.android\\build-cache\\43f078533731f46c2275e5cdc867d969f067de91\\output\\res\\values-v17\\values-v17.xml",
                    "position": {
                        "startLine": 9,
                        "startColumn": 4,
                        "startOffset": 456,
                        "endLine": 11,
                        "endColumn": 12,
                        "endOffset": 609
                    }
                }
            },
            {
                "to": {
                    "startLine": 12,
                    "startColumn": 4,
                    "startOffset": 614,
                    "endLine": 14,
                    "endColumn": 12,
                    "endOffset": 759
                },
                "from": {
                    "file": "/Users/HoangNguyen/Library/Mobile Documents/com~apple~CloudDocs/A - AS/AmericanSTEM/C:\\Users\\HoangNguyen\\.android\\build-cache\\43f078533731f46c2275e5cdc867d969f067de91\\output\\res\\values-v17\\values-v17.xml",
                    "position": {
                        "startLine": 12,
                        "startColumn": 4,
                        "startOffset": 614,
                        "endLine": 14,
                        "endColumn": 12,
                        "endOffset": 759
                    }
                }
            },
            {
                "to": {
                    "startLine": 15,
                    "startColumn": 4,
                    "startOffset": 764,
                    "endLine": 17,
                    "endColumn": 12,
                    "endOffset": 931
                },
                "from": {
                    "file": "/Users/HoangNguyen/Library/Mobile Documents/com~apple~CloudDocs/A - AS/AmericanSTEM/C:\\Users\\HoangNguyen\\.android\\build-cache\\43f078533731f46c2275e5cdc867d969f067de91\\output\\res\\values-v17\\values-v17.xml",
                    "position": {
                        "startLine": 15,
                        "startColumn": 4,
                        "startOffset": 764,
                        "endLine": 17,
                        "endColumn": 12,
                        "endOffset": 931
                    }
                }
            },
            {
                "to": {
                    "startLine": 18,
                    "startColumn": 4,
                    "startOffset": 936,
                    "endLine": 21,
                    "endColumn": 12,
                    "endOffset": 1159
                },
                "from": {
                    "file": "/Users/HoangNguyen/Library/Mobile Documents/com~apple~CloudDocs/A - AS/AmericanSTEM/C:\\Users\\HoangNguyen\\.android\\build-cache\\43f078533731f46c2275e5cdc867d969f067de91\\output\\res\\values-v17\\values-v17.xml",
                    "position": {
                        "startLine": 18,
                        "startColumn": 4,
                        "startOffset": 936,
                        "endLine": 21,
                        "endColumn": 12,
                        "endOffset": 1159
                    }
                }
            },
            {
                "to": {
                    "startLine": 22,
                    "startColumn": 4,
                    "startOffset": 1164,
                    "endLine": 25,
                    "endColumn": 12,
                    "endOffset": 1401
                },
                "from": {
                    "file": "/Users/HoangNguyen/Library/Mobile Documents/com~apple~CloudDocs/A - AS/AmericanSTEM/C:\\Users\\HoangNguyen\\.android\\build-cache\\43f078533731f46c2275e5cdc867d969f067de91\\output\\res\\values-v17\\values-v17.xml",
                    "position": {
                        "startLine": 22,
                        "startColumn": 4,
                        "startOffset": 1164,
                        "endLine": 25,
                        "endColumn": 12,
                        "endOffset": 1401
                    }
                }
            },
            {
                "to": {
                    "startLine": 26,
                    "startColumn": 4,
                    "startOffset": 1406,
                    "endLine": 28,
                    "endColumn": 12,
                    "endOffset": 1572
                },
                "from": {
                    "file": "/Users/HoangNguyen/Library/Mobile Documents/com~apple~CloudDocs/A - AS/AmericanSTEM/C:\\Users\\HoangNguyen\\.android\\build-cache\\43f078533731f46c2275e5cdc867d969f067de91\\output\\res\\values-v17\\values-v17.xml",
                    "position": {
                        "startLine": 26,
                        "startColumn": 4,
                        "startOffset": 1406,
                        "endLine": 28,
                        "endColumn": 12,
                        "endOffset": 1572
                    }
                }
            },
            {
                "to": {
                    "startLine": 29,
                    "startColumn": 4,
                    "startOffset": 1577,
                    "endLine": 31,
                    "endColumn": 12,
                    "endOffset": 1746
                },
                "from": {
                    "file": "/Users/HoangNguyen/Library/Mobile Documents/com~apple~CloudDocs/A - AS/AmericanSTEM/C:\\Users\\HoangNguyen\\.android\\build-cache\\43f078533731f46c2275e5cdc867d969f067de91\\output\\res\\values-v17\\values-v17.xml",
                    "position": {
                        "startLine": 29,
                        "startColumn": 4,
                        "startOffset": 1577,
                        "endLine": 31,
                        "endColumn": 12,
                        "endOffset": 1746
                    }
                }
            },
            {
                "to": {
                    "startLine": 32,
                    "startColumn": 4,
                    "startOffset": 1751,
                    "endLine": 34,
                    "endColumn": 12,
                    "endOffset": 1915
                },
                "from": {
                    "file": "/Users/HoangNguyen/Library/Mobile Documents/com~apple~CloudDocs/A - AS/AmericanSTEM/C:\\Users\\HoangNguyen\\.android\\build-cache\\43f078533731f46c2275e5cdc867d969f067de91\\output\\res\\values-v17\\values-v17.xml",
                    "position": {
                        "startLine": 32,
                        "startColumn": 4,
                        "startOffset": 1751,
                        "endLine": 34,
                        "endColumn": 12,
                        "endOffset": 1915
                    }
                }
            },
            {
                "to": {
                    "startLine": 35,
                    "startColumn": 4,
                    "startOffset": 1920,
                    "endLine": 38,
                    "endColumn": 12,
                    "endOffset": 2188
                },
                "from": {
                    "file": "/Users/HoangNguyen/Library/Mobile Documents/com~apple~CloudDocs/A - AS/AmericanSTEM/C:\\Users\\HoangNguyen\\.android\\build-cache\\43f078533731f46c2275e5cdc867d969f067de91\\output\\res\\values-v17\\values-v17.xml",
                    "position": {
                        "startLine": 35,
                        "startColumn": 4,
                        "startOffset": 1920,
                        "endLine": 38,
                        "endColumn": 12,
                        "endOffset": 2188
                    }
                }
            },
            {
                "to": {
                    "startLine": 39,
                    "startColumn": 4,
                    "startOffset": 2193,
                    "endLine": 41,
                    "endColumn": 12,
                    "endOffset": 2388
                },
                "from": {
                    "file": "/Users/HoangNguyen/Library/Mobile Documents/com~apple~CloudDocs/A - AS/AmericanSTEM/C:\\Users\\HoangNguyen\\.android\\build-cache\\43f078533731f46c2275e5cdc867d969f067de91\\output\\res\\values-v17\\values-v17.xml",
                    "position": {
                        "startLine": 39,
                        "startColumn": 4,
                        "startOffset": 2193,
                        "endLine": 41,
                        "endColumn": 12,
                        "endOffset": 2388
                    }
                }
            },
            {
                "to": {
                    "startLine": 42,
                    "startColumn": 4,
                    "startOffset": 2393,
                    "endLine": 45,
                    "endColumn": 12,
                    "endOffset": 2592
                },
                "from": {
                    "file": "/Users/HoangNguyen/Library/Mobile Documents/com~apple~CloudDocs/A - AS/AmericanSTEM/C:\\Users\\HoangNguyen\\.android\\build-cache\\43f078533731f46c2275e5cdc867d969f067de91\\output\\res\\values-v17\\values-v17.xml",
                    "position": {
                        "startLine": 42,
                        "startColumn": 4,
                        "startOffset": 2393,
                        "endLine": 45,
                        "endColumn": 12,
                        "endOffset": 2592
                    }
                }
            },
            {
                "to": {
                    "startLine": 46,
                    "startColumn": 4,
                    "startOffset": 2597,
                    "endLine": 49,
                    "endColumn": 12,
                    "endOffset": 2921
                },
                "from": {
                    "file": "/Users/HoangNguyen/Library/Mobile Documents/com~apple~CloudDocs/A - AS/AmericanSTEM/C:\\Users\\HoangNguyen\\.android\\build-cache\\43f078533731f46c2275e5cdc867d969f067de91\\output\\res\\values-v17\\values-v17.xml",
                    "position": {
                        "startLine": 46,
                        "startColumn": 4,
                        "startOffset": 2597,
                        "endLine": 49,
                        "endColumn": 12,
                        "endOffset": 2921
                    }
                }
            }
        ]
    },
    {
        "outputFile": "/Users/HoangNguyen/Library/Mobile Documents/com~apple~CloudDocs/A - AS/AmericanSTEM/app/build/intermediates/incremental/mergeDebugResources/merged.dir/values-v17/values-v17.xml",
        "map": [
            {
                "to": {
                    "startLine": 2,
                    "startColumn": 4,
                    "startOffset": 55,
                    "endLine": 4,
                    "endColumn": 12,
                    "endOffset": 223
                },
                "from": {
                    "file": "/Users/HoangNguyen/.android/build-cache/43f078533731f46c2275e5cdc867d969f067de91/output/res/values-v17/values-v17.xml",
                    "position": {
                        "startLine": 2,
                        "startColumn": 4,
                        "startOffset": 55,
                        "endLine": 4,
                        "endColumn": 12,
                        "endOffset": 223
                    }
                }
            },
            {
                "to": {
                    "startLine": 5,
                    "startColumn": 4,
                    "startOffset": 228,
                    "endLine": 8,
                    "endColumn": 12,
                    "endOffset": 451
                },
                "from": {
                    "file": "/Users/HoangNguyen/.android/build-cache/43f078533731f46c2275e5cdc867d969f067de91/output/res/values-v17/values-v17.xml",
                    "position": {
                        "startLine": 5,
                        "startColumn": 4,
                        "startOffset": 228,
                        "endLine": 8,
                        "endColumn": 12,
                        "endOffset": 451
                    }
                }
            },
            {
                "to": {
                    "startLine": 9,
                    "startColumn": 4,
                    "startOffset": 456,
                    "endLine": 11,
                    "endColumn": 12,
                    "endOffset": 609
                },
                "from": {
                    "file": "/Users/HoangNguyen/.android/build-cache/43f078533731f46c2275e5cdc867d969f067de91/output/res/values-v17/values-v17.xml",
                    "position": {
                        "startLine": 9,
                        "startColumn": 4,
                        "startOffset": 456,
                        "endLine": 11,
                        "endColumn": 12,
                        "endOffset": 609
                    }
                }
            },
            {
                "to": {
                    "startLine": 12,
                    "startColumn": 4,
                    "startOffset": 614,
                    "endLine": 14,
                    "endColumn": 12,
                    "endOffset": 759
                },
                "from": {
                    "file": "/Users/HoangNguyen/.android/build-cache/43f078533731f46c2275e5cdc867d969f067de91/output/res/values-v17/values-v17.xml",
                    "position": {
                        "startLine": 12,
                        "startColumn": 4,
                        "startOffset": 614,
                        "endLine": 14,
                        "endColumn": 12,
                        "endOffset": 759
                    }
                }
            },
            {
                "to": {
                    "startLine": 15,
                    "startColumn": 4,
                    "startOffset": 764,
                    "endLine": 17,
                    "endColumn": 12,
                    "endOffset": 931
                },
                "from": {
                    "file": "/Users/HoangNguyen/.android/build-cache/43f078533731f46c2275e5cdc867d969f067de91/output/res/values-v17/values-v17.xml",
                    "position": {
                        "startLine": 15,
                        "startColumn": 4,
                        "startOffset": 764,
                        "endLine": 17,
                        "endColumn": 12,
                        "endOffset": 931
                    }
                }
            },
            {
                "to": {
                    "startLine": 18,
                    "startColumn": 4,
                    "startOffset": 936,
                    "endLine": 21,
                    "endColumn": 12,
                    "endOffset": 1159
                },
                "from": {
                    "file": "/Users/HoangNguyen/.android/build-cache/43f078533731f46c2275e5cdc867d969f067de91/output/res/values-v17/values-v17.xml",
                    "position": {
                        "startLine": 18,
                        "startColumn": 4,
                        "startOffset": 936,
                        "endLine": 21,
                        "endColumn": 12,
                        "endOffset": 1159
                    }
                }
            },
            {
                "to": {
                    "startLine": 22,
                    "startColumn": 4,
                    "startOffset": 1164,
                    "endLine": 25,
                    "endColumn": 12,
                    "endOffset": 1401
                },
                "from": {
                    "file": "/Users/HoangNguyen/.android/build-cache/43f078533731f46c2275e5cdc867d969f067de91/output/res/values-v17/values-v17.xml",
                    "position": {
                        "startLine": 22,
                        "startColumn": 4,
                        "startOffset": 1164,
                        "endLine": 25,
                        "endColumn": 12,
                        "endOffset": 1401
                    }
                }
            },
            {
                "to": {
                    "startLine": 26,
                    "startColumn": 4,
                    "startOffset": 1406,
                    "endLine": 28,
                    "endColumn": 12,
                    "endOffset": 1572
                },
                "from": {
                    "file": "/Users/HoangNguyen/.android/build-cache/43f078533731f46c2275e5cdc867d969f067de91/output/res/values-v17/values-v17.xml",
                    "position": {
                        "startLine": 26,
                        "startColumn": 4,
                        "startOffset": 1406,
                        "endLine": 28,
                        "endColumn": 12,
                        "endOffset": 1572
                    }
                }
            },
            {
                "to": {
                    "startLine": 29,
                    "startColumn": 4,
                    "startOffset": 1577,
                    "endLine": 31,
                    "endColumn": 12,
                    "endOffset": 1746
                },
                "from": {
                    "file": "/Users/HoangNguyen/.android/build-cache/43f078533731f46c2275e5cdc867d969f067de91/output/res/values-v17/values-v17.xml",
                    "position": {
                        "startLine": 29,
                        "startColumn": 4,
                        "startOffset": 1577,
                        "endLine": 31,
                        "endColumn": 12,
                        "endOffset": 1746
                    }
                }
            },
            {
                "to": {
                    "startLine": 32,
                    "startColumn": 4,
                    "startOffset": 1751,
                    "endLine": 34,
                    "endColumn": 12,
                    "endOffset": 1915
                },
                "from": {
                    "file": "/Users/HoangNguyen/.android/build-cache/43f078533731f46c2275e5cdc867d969f067de91/output/res/values-v17/values-v17.xml",
                    "position": {
                        "startLine": 32,
                        "startColumn": 4,
                        "startOffset": 1751,
                        "endLine": 34,
                        "endColumn": 12,
                        "endOffset": 1915
                    }
                }
            },
            {
                "to": {
                    "startLine": 35,
                    "startColumn": 4,
                    "startOffset": 1920,
                    "endLine": 38,
                    "endColumn": 12,
                    "endOffset": 2188
                },
                "from": {
                    "file": "/Users/HoangNguyen/.android/build-cache/43f078533731f46c2275e5cdc867d969f067de91/output/res/values-v17/values-v17.xml",
                    "position": {
                        "startLine": 35,
                        "startColumn": 4,
                        "startOffset": 1920,
                        "endLine": 38,
                        "endColumn": 12,
                        "endOffset": 2188
                    }
                }
            },
            {
                "to": {
                    "startLine": 39,
                    "startColumn": 4,
                    "startOffset": 2193,
                    "endLine": 41,
                    "endColumn": 12,
                    "endOffset": 2388
                },
                "from": {
                    "file": "/Users/HoangNguyen/.android/build-cache/43f078533731f46c2275e5cdc867d969f067de91/output/res/values-v17/values-v17.xml",
                    "position": {
                        "startLine": 39,
                        "startColumn": 4,
                        "startOffset": 2193,
                        "endLine": 41,
                        "endColumn": 12,
                        "endOffset": 2388
                    }
                }
            },
            {
                "to": {
                    "startLine": 42,
                    "startColumn": 4,
                    "startOffset": 2393,
                    "endLine": 45,
                    "endColumn": 12,
                    "endOffset": 2592
                },
                "from": {
                    "file": "/Users/HoangNguyen/.android/build-cache/43f078533731f46c2275e5cdc867d969f067de91/output/res/values-v17/values-v17.xml",
                    "position": {
                        "startLine": 42,
                        "startColumn": 4,
                        "startOffset": 2393,
                        "endLine": 45,
                        "endColumn": 12,
                        "endOffset": 2592
                    }
                }
            },
            {
                "to": {
                    "startLine": 46,
                    "startColumn": 4,
                    "startOffset": 2597,
                    "endLine": 49,
                    "endColumn": 12,
                    "endOffset": 2921
                },
                "from": {
                    "file": "/Users/HoangNguyen/.android/build-cache/43f078533731f46c2275e5cdc867d969f067de91/output/res/values-v17/values-v17.xml",
                    "position": {
                        "startLine": 46,
                        "startColumn": 4,
                        "startOffset": 2597,
                        "endLine": 49,
                        "endColumn": 12,
                        "endOffset": 2921
                    }
                }
            }
        ]
    },
    {
        "outputFile": "/Users/HoangNguyen/Library/Mobile Documents/com~apple~CloudDocs/A - AS/AmericanSTEM/C:\\Users\\Hoang Nguyen\\iCloudDrive\\A - AS\\AmericanSTEM\\app\\build\\intermediates\\incremental\\mergeDebugResources\\merged.dir\\values-v17\\values-v17.xml",
        "map": [
            {
                "to": {
                    "startLine": 2,
                    "startColumn": 4,
                    "startOffset": 55,
                    "endLine": 4,
                    "endColumn": 12,
                    "endOffset": 223
                },
                "from": {
                    "file": "/Users/HoangNguyen/Library/Mobile Documents/com~apple~CloudDocs/A - AS/AmericanSTEM/C:\\Users\\Hoang Nguyen\\.android\\build-cache\\5bb72b998dfd92d1f1290e1783b2f3fadf293585\\output\\res\\values-v17\\values-v17.xml",
                    "position": {
                        "startLine": 2,
                        "startColumn": 4,
                        "startOffset": 55,
                        "endLine": 4,
                        "endColumn": 12,
                        "endOffset": 223
                    }
                }
            },
            {
                "to": {
                    "startLine": 5,
                    "startColumn": 4,
                    "startOffset": 228,
                    "endLine": 8,
                    "endColumn": 12,
                    "endOffset": 451
                },
                "from": {
                    "file": "/Users/HoangNguyen/Library/Mobile Documents/com~apple~CloudDocs/A - AS/AmericanSTEM/C:\\Users\\Hoang Nguyen\\.android\\build-cache\\5bb72b998dfd92d1f1290e1783b2f3fadf293585\\output\\res\\values-v17\\values-v17.xml",
                    "position": {
                        "startLine": 5,
                        "startColumn": 4,
                        "startOffset": 228,
                        "endLine": 8,
                        "endColumn": 12,
                        "endOffset": 451
                    }
                }
            },
            {
                "to": {
                    "startLine": 9,
                    "startColumn": 4,
                    "startOffset": 456,
                    "endLine": 11,
                    "endColumn": 12,
                    "endOffset": 609
                },
                "from": {
                    "file": "/Users/HoangNguyen/Library/Mobile Documents/com~apple~CloudDocs/A - AS/AmericanSTEM/C:\\Users\\Hoang Nguyen\\.android\\build-cache\\5bb72b998dfd92d1f1290e1783b2f3fadf293585\\output\\res\\values-v17\\values-v17.xml",
                    "position": {
                        "startLine": 9,
                        "startColumn": 4,
                        "startOffset": 456,
                        "endLine": 11,
                        "endColumn": 12,
                        "endOffset": 609
                    }
                }
            },
            {
                "to": {
                    "startLine": 12,
                    "startColumn": 4,
                    "startOffset": 614,
                    "endLine": 14,
                    "endColumn": 12,
                    "endOffset": 759
                },
                "from": {
                    "file": "/Users/HoangNguyen/Library/Mobile Documents/com~apple~CloudDocs/A - AS/AmericanSTEM/C:\\Users\\Hoang Nguyen\\.android\\build-cache\\5bb72b998dfd92d1f1290e1783b2f3fadf293585\\output\\res\\values-v17\\values-v17.xml",
                    "position": {
                        "startLine": 12,
                        "startColumn": 4,
                        "startOffset": 614,
                        "endLine": 14,
                        "endColumn": 12,
                        "endOffset": 759
                    }
                }
            },
            {
                "to": {
                    "startLine": 15,
                    "startColumn": 4,
                    "startOffset": 764,
                    "endLine": 17,
                    "endColumn": 12,
                    "endOffset": 931
                },
                "from": {
                    "file": "/Users/HoangNguyen/Library/Mobile Documents/com~apple~CloudDocs/A - AS/AmericanSTEM/C:\\Users\\Hoang Nguyen\\.android\\build-cache\\5bb72b998dfd92d1f1290e1783b2f3fadf293585\\output\\res\\values-v17\\values-v17.xml",
                    "position": {
                        "startLine": 15,
                        "startColumn": 4,
                        "startOffset": 764,
                        "endLine": 17,
                        "endColumn": 12,
                        "endOffset": 931
                    }
                }
            },
            {
                "to": {
                    "startLine": 18,
                    "startColumn": 4,
                    "startOffset": 936,
                    "endLine": 21,
                    "endColumn": 12,
                    "endOffset": 1159
                },
                "from": {
                    "file": "/Users/HoangNguyen/Library/Mobile Documents/com~apple~CloudDocs/A - AS/AmericanSTEM/C:\\Users\\Hoang Nguyen\\.android\\build-cache\\5bb72b998dfd92d1f1290e1783b2f3fadf293585\\output\\res\\values-v17\\values-v17.xml",
                    "position": {
                        "startLine": 18,
                        "startColumn": 4,
                        "startOffset": 936,
                        "endLine": 21,
                        "endColumn": 12,
                        "endOffset": 1159
                    }
                }
            },
            {
                "to": {
                    "startLine": 22,
                    "startColumn": 4,
                    "startOffset": 1164,
                    "endLine": 25,
                    "endColumn": 12,
                    "endOffset": 1401
                },
                "from": {
                    "file": "/Users/HoangNguyen/Library/Mobile Documents/com~apple~CloudDocs/A - AS/AmericanSTEM/C:\\Users\\Hoang Nguyen\\.android\\build-cache\\5bb72b998dfd92d1f1290e1783b2f3fadf293585\\output\\res\\values-v17\\values-v17.xml",
                    "position": {
                        "startLine": 22,
                        "startColumn": 4,
                        "startOffset": 1164,
                        "endLine": 25,
                        "endColumn": 12,
                        "endOffset": 1401
                    }
                }
            },
            {
                "to": {
                    "startLine": 26,
                    "startColumn": 4,
                    "startOffset": 1406,
                    "endLine": 28,
                    "endColumn": 12,
                    "endOffset": 1572
                },
                "from": {
                    "file": "/Users/HoangNguyen/Library/Mobile Documents/com~apple~CloudDocs/A - AS/AmericanSTEM/C:\\Users\\Hoang Nguyen\\.android\\build-cache\\5bb72b998dfd92d1f1290e1783b2f3fadf293585\\output\\res\\values-v17\\values-v17.xml",
                    "position": {
                        "startLine": 26,
                        "startColumn": 4,
                        "startOffset": 1406,
                        "endLine": 28,
                        "endColumn": 12,
                        "endOffset": 1572
                    }
                }
            },
            {
                "to": {
                    "startLine": 29,
                    "startColumn": 4,
                    "startOffset": 1577,
                    "endLine": 31,
                    "endColumn": 12,
                    "endOffset": 1746
                },
                "from": {
                    "file": "/Users/HoangNguyen/Library/Mobile Documents/com~apple~CloudDocs/A - AS/AmericanSTEM/C:\\Users\\Hoang Nguyen\\.android\\build-cache\\5bb72b998dfd92d1f1290e1783b2f3fadf293585\\output\\res\\values-v17\\values-v17.xml",
                    "position": {
                        "startLine": 29,
                        "startColumn": 4,
                        "startOffset": 1577,
                        "endLine": 31,
                        "endColumn": 12,
                        "endOffset": 1746
                    }
                }
            },
            {
                "to": {
                    "startLine": 32,
                    "startColumn": 4,
                    "startOffset": 1751,
                    "endLine": 34,
                    "endColumn": 12,
                    "endOffset": 1915
                },
                "from": {
                    "file": "/Users/HoangNguyen/Library/Mobile Documents/com~apple~CloudDocs/A - AS/AmericanSTEM/C:\\Users\\Hoang Nguyen\\.android\\build-cache\\5bb72b998dfd92d1f1290e1783b2f3fadf293585\\output\\res\\values-v17\\values-v17.xml",
                    "position": {
                        "startLine": 32,
                        "startColumn": 4,
                        "startOffset": 1751,
                        "endLine": 34,
                        "endColumn": 12,
                        "endOffset": 1915
                    }
                }
            },
            {
                "to": {
                    "startLine": 35,
                    "startColumn": 4,
                    "startOffset": 1920,
                    "endLine": 38,
                    "endColumn": 12,
                    "endOffset": 2188
                },
                "from": {
                    "file": "/Users/HoangNguyen/Library/Mobile Documents/com~apple~CloudDocs/A - AS/AmericanSTEM/C:\\Users\\Hoang Nguyen\\.android\\build-cache\\5bb72b998dfd92d1f1290e1783b2f3fadf293585\\output\\res\\values-v17\\values-v17.xml",
                    "position": {
                        "startLine": 35,
                        "startColumn": 4,
                        "startOffset": 1920,
                        "endLine": 38,
                        "endColumn": 12,
                        "endOffset": 2188
                    }
                }
            },
            {
                "to": {
                    "startLine": 39,
                    "startColumn": 4,
                    "startOffset": 2193,
                    "endLine": 41,
                    "endColumn": 12,
                    "endOffset": 2388
                },
                "from": {
                    "file": "/Users/HoangNguyen/Library/Mobile Documents/com~apple~CloudDocs/A - AS/AmericanSTEM/C:\\Users\\Hoang Nguyen\\.android\\build-cache\\5bb72b998dfd92d1f1290e1783b2f3fadf293585\\output\\res\\values-v17\\values-v17.xml",
                    "position": {
                        "startLine": 39,
                        "startColumn": 4,
                        "startOffset": 2193,
                        "endLine": 41,
                        "endColumn": 12,
                        "endOffset": 2388
                    }
                }
            },
            {
                "to": {
                    "startLine": 42,
                    "startColumn": 4,
                    "startOffset": 2393,
                    "endLine": 45,
                    "endColumn": 12,
                    "endOffset": 2592
                },
                "from": {
                    "file": "/Users/HoangNguyen/Library/Mobile Documents/com~apple~CloudDocs/A - AS/AmericanSTEM/C:\\Users\\Hoang Nguyen\\.android\\build-cache\\5bb72b998dfd92d1f1290e1783b2f3fadf293585\\output\\res\\values-v17\\values-v17.xml",
                    "position": {
                        "startLine": 42,
                        "startColumn": 4,
                        "startOffset": 2393,
                        "endLine": 45,
                        "endColumn": 12,
                        "endOffset": 2592
                    }
                }
            },
            {
                "to": {
                    "startLine": 46,
                    "startColumn": 4,
                    "startOffset": 2597,
                    "endLine": 49,
                    "endColumn": 12,
                    "endOffset": 2921
                },
                "from": {
                    "file": "/Users/HoangNguyen/Library/Mobile Documents/com~apple~CloudDocs/A - AS/AmericanSTEM/C:\\Users\\Hoang Nguyen\\.android\\build-cache\\5bb72b998dfd92d1f1290e1783b2f3fadf293585\\output\\res\\values-v17\\values-v17.xml",
                    "position": {
                        "startLine": 46,
                        "startColumn": 4,
                        "startOffset": 2597,
                        "endLine": 49,
                        "endColumn": 12,
                        "endOffset": 2921
                    }
                }
            }
        ]
    }
]