[
    {
        "outputFile": "/Users/HoangNguyen/Library/Mobile Documents/com~apple~CloudDocs/A - AS/AmericanSTEM/C:\\Users\\HoangNguyen\\Desktop\\AmericanSTEM\\app\\build\\intermediates\\incremental\\mergeDebugResources\\merged.dir\\values-v22\\values-v22.xml",
        "map": [
            {
                "to": {
                    "startLine": 2,
                    "startColumn": 4,
                    "startOffset": 55,
                    "endColumn": 74,
                    "endOffset": 125
                },
                "from": {
                    "file": "/Users/HoangNguyen/Library/Mobile Documents/com~apple~CloudDocs/A - AS/AmericanSTEM/C:\\Users\\HoangNguyen\\.android\\build-cache\\43f078533731f46c2275e5cdc867d969f067de91\\output\\res\\values-v22\\values-v22.xml",
                    "position": {
                        "startLine": 2,
                        "startColumn": 4,
                        "startOffset": 55,
                        "endColumn": 74,
                        "endOffset": 125
                    }
                }
            },
            {
                "to": {
                    "startLine": 3,
                    "startColumn": 4,
                    "startOffset": 130,
                    "endColumn": 86,
                    "endOffset": 212
                },
                "from": {
                    "file": "/Users/HoangNguyen/Library/Mobile Documents/com~apple~CloudDocs/A - AS/AmericanSTEM/C:\\Users\\HoangNguyen\\.android\\build-cache\\43f078533731f46c2275e5cdc867d969f067de91\\output\\res\\values-v22\\values-v22.xml",
                    "position": {
                        "startLine": 3,
                        "startColumn": 4,
                        "startOffset": 130,
                        "endColumn": 86,
                        "endOffset": 212
                    }
                }
            },
            {
                "to": {
                    "startLine": 4,
                    "startColumn": 4,
                    "startOffset": 217,
                    "endLine": 8,
                    "endColumn": 12,
                    "endOffset": 548
                },
                "from": {
                    "file": "/Users/HoangNguyen/Library/Mobile Documents/com~apple~CloudDocs/A - AS/AmericanSTEM/C:\\Users\\HoangNguyen\\.android\\build-cache\\43f078533731f46c2275e5cdc867d969f067de91\\output\\res\\values-v22\\values-v22.xml",
                    "position": {
                        "startLine": 4,
                        "startColumn": 4,
                        "startOffset": 217,
                        "endLine": 8,
                        "endColumn": 12,
                        "endOffset": 548
                    }
                }
            },
            {
                "to": {
                    "startLine": 9,
                    "startColumn": 4,
                    "startOffset": 553,
                    "endLine": 13,
                    "endColumn": 12,
                    "endOffset": 896
                },
                "from": {
                    "file": "/Users/HoangNguyen/Library/Mobile Documents/com~apple~CloudDocs/A - AS/AmericanSTEM/C:\\Users\\HoangNguyen\\.android\\build-cache\\43f078533731f46c2275e5cdc867d969f067de91\\output\\res\\values-v22\\values-v22.xml",
                    "position": {
                        "startLine": 9,
                        "startColumn": 4,
                        "startOffset": 553,
                        "endLine": 13,
                        "endColumn": 12,
                        "endOffset": 896
                    }
                }
            }
        ]
    },
    {
        "outputFile": "/Users/HoangNguyen/Library/Mobile Documents/com~apple~CloudDocs/A - AS/AmericanSTEM/app/build/intermediates/incremental/mergeDebugResources/merged.dir/values-v22/values-v22.xml",
        "map": [
            {
                "to": {
                    "startLine": 2,
                    "startColumn": 4,
                    "startOffset": 55,
                    "endColumn": 74,
                    "endOffset": 125
                },
                "from": {
                    "file": "/Users/HoangNguyen/.android/build-cache/43f078533731f46c2275e5cdc867d969f067de91/output/res/values-v22/values-v22.xml",
                    "position": {
                        "startLine": 2,
                        "startColumn": 4,
                        "startOffset": 55,
                        "endColumn": 74,
                        "endOffset": 125
                    }
                }
            },
            {
                "to": {
                    "startLine": 3,
                    "startColumn": 4,
                    "startOffset": 130,
                    "endColumn": 86,
                    "endOffset": 212
                },
                "from": {
                    "file": "/Users/HoangNguyen/.android/build-cache/43f078533731f46c2275e5cdc867d969f067de91/output/res/values-v22/values-v22.xml",
                    "position": {
                        "startLine": 3,
                        "startColumn": 4,
                        "startOffset": 130,
                        "endColumn": 86,
                        "endOffset": 212
                    }
                }
            },
            {
                "to": {
                    "startLine": 4,
                    "startColumn": 4,
                    "startOffset": 217,
                    "endLine": 8,
                    "endColumn": 12,
                    "endOffset": 548
                },
                "from": {
                    "file": "/Users/HoangNguyen/.android/build-cache/43f078533731f46c2275e5cdc867d969f067de91/output/res/values-v22/values-v22.xml",
                    "position": {
                        "startLine": 4,
                        "startColumn": 4,
                        "startOffset": 217,
                        "endLine": 8,
                        "endColumn": 12,
                        "endOffset": 548
                    }
                }
            },
            {
                "to": {
                    "startLine": 9,
                    "startColumn": 4,
                    "startOffset": 553,
                    "endLine": 13,
                    "endColumn": 12,
                    "endOffset": 896
                },
                "from": {
                    "file": "/Users/HoangNguyen/.android/build-cache/43f078533731f46c2275e5cdc867d969f067de91/output/res/values-v22/values-v22.xml",
                    "position": {
                        "startLine": 9,
                        "startColumn": 4,
                        "startOffset": 553,
                        "endLine": 13,
                        "endColumn": 12,
                        "endOffset": 896
                    }
                }
            }
        ]
    },
    {
        "outputFile": "/Users/HoangNguyen/Library/Mobile Documents/com~apple~CloudDocs/A - AS/AmericanSTEM/C:\\Users\\Hoang Nguyen\\iCloudDrive\\A - AS\\AmericanSTEM\\app\\build\\intermediates\\incremental\\mergeDebugResources\\merged.dir\\values-v22\\values-v22.xml",
        "map": [
            {
                "to": {
                    "startLine": 2,
                    "startColumn": 4,
                    "startOffset": 55,
                    "endColumn": 74,
                    "endOffset": 125
                },
                "from": {
                    "file": "/Users/HoangNguyen/Library/Mobile Documents/com~apple~CloudDocs/A - AS/AmericanSTEM/C:\\Users\\Hoang Nguyen\\.android\\build-cache\\5bb72b998dfd92d1f1290e1783b2f3fadf293585\\output\\res\\values-v22\\values-v22.xml",
                    "position": {
                        "startLine": 2,
                        "startColumn": 4,
                        "startOffset": 55,
                        "endColumn": 74,
                        "endOffset": 125
                    }
                }
            },
            {
                "to": {
                    "startLine": 3,
                    "startColumn": 4,
                    "startOffset": 130,
                    "endColumn": 86,
                    "endOffset": 212
                },
                "from": {
                    "file": "/Users/HoangNguyen/Library/Mobile Documents/com~apple~CloudDocs/A - AS/AmericanSTEM/C:\\Users\\Hoang Nguyen\\.android\\build-cache\\5bb72b998dfd92d1f1290e1783b2f3fadf293585\\output\\res\\values-v22\\values-v22.xml",
                    "position": {
                        "startLine": 3,
                        "startColumn": 4,
                        "startOffset": 130,
                        "endColumn": 86,
                        "endOffset": 212
                    }
                }
            },
            {
                "to": {
                    "startLine": 4,
                    "startColumn": 4,
                    "startOffset": 217,
                    "endLine": 8,
                    "endColumn": 12,
                    "endOffset": 548
                },
                "from": {
                    "file": "/Users/HoangNguyen/Library/Mobile Documents/com~apple~CloudDocs/A - AS/AmericanSTEM/C:\\Users\\Hoang Nguyen\\.android\\build-cache\\5bb72b998dfd92d1f1290e1783b2f3fadf293585\\output\\res\\values-v22\\values-v22.xml",
                    "position": {
                        "startLine": 4,
                        "startColumn": 4,
                        "startOffset": 217,
                        "endLine": 8,
                        "endColumn": 12,
                        "endOffset": 548
                    }
                }
            },
            {
                "to": {
                    "startLine": 9,
                    "startColumn": 4,
                    "startOffset": 553,
                    "endLine": 13,
                    "endColumn": 12,
                    "endOffset": 896
                },
                "from": {
                    "file": "/Users/HoangNguyen/Library/Mobile Documents/com~apple~CloudDocs/A - AS/AmericanSTEM/C:\\Users\\Hoang Nguyen\\.android\\build-cache\\5bb72b998dfd92d1f1290e1783b2f3fadf293585\\output\\res\\values-v22\\values-v22.xml",
                    "position": {
                        "startLine": 9,
                        "startColumn": 4,
                        "startOffset": 553,
                        "endLine": 13,
                        "endColumn": 12,
                        "endOffset": 896
                    }
                }
            }
        ]
    }
]