[
    {
        "outputFile": "/Users/HoangNguyen/Library/Mobile Documents/com~apple~CloudDocs/A - AS/AmericanSTEM/C:\\Users\\HoangNguyen\\Desktop\\AmericanSTEM\\app\\build\\intermediates\\incremental\\mergeDebugResources\\merged.dir\\values-v23\\values-v23.xml",
        "map": [
            {
                "to": {
                    "startLine": 2,
                    "startColumn": 4,
                    "startOffset": 55,
                    "endColumn": 134,
                    "endOffset": 185
                },
                "from": {
                    "file": "/Users/HoangNguyen/Library/Mobile Documents/com~apple~CloudDocs/A - AS/AmericanSTEM/C:\\Users\\HoangNguyen\\.android\\build-cache\\43f078533731f46c2275e5cdc867d969f067de91\\output\\res\\values-v23\\values-v23.xml",
                    "position": {
                        "startLine": 2,
                        "startColumn": 4,
                        "startOffset": 55,
                        "endColumn": 134,
                        "endOffset": 185
                    }
                }
            },
            {
                "to": {
                    "startLine": 3,
                    "startColumn": 4,
                    "startOffset": 190,
                    "endColumn": 134,
                    "endOffset": 320
                },
                "from": {
                    "file": "/Users/HoangNguyen/Library/Mobile Documents/com~apple~CloudDocs/A - AS/AmericanSTEM/C:\\Users\\HoangNguyen\\.android\\build-cache\\43f078533731f46c2275e5cdc867d969f067de91\\output\\res\\values-v23\\values-v23.xml",
                    "position": {
                        "startLine": 3,
                        "startColumn": 4,
                        "startOffset": 190,
                        "endColumn": 134,
                        "endOffset": 320
                    }
                }
            },
            {
                "to": {
                    "startLine": 4,
                    "startColumn": 4,
                    "startOffset": 325,
                    "endColumn": 74,
                    "endOffset": 395
                },
                "from": {
                    "file": "/Users/HoangNguyen/Library/Mobile Documents/com~apple~CloudDocs/A - AS/AmericanSTEM/C:\\Users\\HoangNguyen\\.android\\build-cache\\43f078533731f46c2275e5cdc867d969f067de91\\output\\res\\values-v23\\values-v23.xml",
                    "position": {
                        "startLine": 4,
                        "startColumn": 4,
                        "startOffset": 325,
                        "endColumn": 74,
                        "endOffset": 395
                    }
                }
            },
            {
                "to": {
                    "startLine": 5,
                    "startColumn": 4,
                    "startOffset": 400,
                    "endColumn": 86,
                    "endOffset": 482
                },
                "from": {
                    "file": "/Users/HoangNguyen/Library/Mobile Documents/com~apple~CloudDocs/A - AS/AmericanSTEM/C:\\Users\\HoangNguyen\\.android\\build-cache\\43f078533731f46c2275e5cdc867d969f067de91\\output\\res\\values-v23\\values-v23.xml",
                    "position": {
                        "startLine": 5,
                        "startColumn": 4,
                        "startOffset": 400,
                        "endColumn": 86,
                        "endOffset": 482
                    }
                }
            },
            {
                "to": {
                    "startLine": 6,
                    "startColumn": 4,
                    "startOffset": 487,
                    "endLine": 18,
                    "endColumn": 12,
                    "endOffset": 1272
                },
                "from": {
                    "file": "/Users/HoangNguyen/Library/Mobile Documents/com~apple~CloudDocs/A - AS/AmericanSTEM/C:\\Users\\HoangNguyen\\.android\\build-cache\\43f078533731f46c2275e5cdc867d969f067de91\\output\\res\\values-v23\\values-v23.xml",
                    "position": {
                        "startLine": 6,
                        "startColumn": 4,
                        "startOffset": 487,
                        "endLine": 18,
                        "endColumn": 12,
                        "endOffset": 1272
                    }
                }
            },
            {
                "to": {
                    "startLine": 19,
                    "startColumn": 4,
                    "startOffset": 1277,
                    "endLine": 31,
                    "endColumn": 12,
                    "endOffset": 2074
                },
                "from": {
                    "file": "/Users/HoangNguyen/Library/Mobile Documents/com~apple~CloudDocs/A - AS/AmericanSTEM/C:\\Users\\HoangNguyen\\.android\\build-cache\\43f078533731f46c2275e5cdc867d969f067de91\\output\\res\\values-v23\\values-v23.xml",
                    "position": {
                        "startLine": 19,
                        "startColumn": 4,
                        "startOffset": 1277,
                        "endLine": 31,
                        "endColumn": 12,
                        "endOffset": 2074
                    }
                }
            },
            {
                "to": {
                    "startLine": 32,
                    "startColumn": 4,
                    "startOffset": 2079,
                    "endColumn": 104,
                    "endOffset": 2179
                },
                "from": {
                    "file": "/Users/HoangNguyen/Library/Mobile Documents/com~apple~CloudDocs/A - AS/AmericanSTEM/C:\\Users\\HoangNguyen\\.android\\build-cache\\43f078533731f46c2275e5cdc867d969f067de91\\output\\res\\values-v23\\values-v23.xml",
                    "position": {
                        "startLine": 32,
                        "startColumn": 4,
                        "startOffset": 2079,
                        "endColumn": 104,
                        "endOffset": 2179
                    }
                }
            },
            {
                "to": {
                    "startLine": 33,
                    "startColumn": 4,
                    "startOffset": 2184,
                    "endColumn": 114,
                    "endOffset": 2294
                },
                "from": {
                    "file": "/Users/HoangNguyen/Library/Mobile Documents/com~apple~CloudDocs/A - AS/AmericanSTEM/C:\\Users\\HoangNguyen\\.android\\build-cache\\43f078533731f46c2275e5cdc867d969f067de91\\output\\res\\values-v23\\values-v23.xml",
                    "position": {
                        "startLine": 33,
                        "startColumn": 4,
                        "startOffset": 2184,
                        "endColumn": 114,
                        "endOffset": 2294
                    }
                }
            },
            {
                "to": {
                    "startLine": 34,
                    "startColumn": 4,
                    "startOffset": 2299,
                    "endColumn": 106,
                    "endOffset": 2401
                },
                "from": {
                    "file": "/Users/HoangNguyen/Library/Mobile Documents/com~apple~CloudDocs/A - AS/AmericanSTEM/C:\\Users\\HoangNguyen\\.android\\build-cache\\43f078533731f46c2275e5cdc867d969f067de91\\output\\res\\values-v23\\values-v23.xml",
                    "position": {
                        "startLine": 34,
                        "startColumn": 4,
                        "startOffset": 2299,
                        "endColumn": 106,
                        "endOffset": 2401
                    }
                }
            },
            {
                "to": {
                    "startLine": 35,
                    "startColumn": 4,
                    "startOffset": 2406,
                    "endColumn": 112,
                    "endOffset": 2514
                },
                "from": {
                    "file": "/Users/HoangNguyen/Library/Mobile Documents/com~apple~CloudDocs/A - AS/AmericanSTEM/C:\\Users\\HoangNguyen\\.android\\build-cache\\43f078533731f46c2275e5cdc867d969f067de91\\output\\res\\values-v23\\values-v23.xml",
                    "position": {
                        "startLine": 35,
                        "startColumn": 4,
                        "startOffset": 2406,
                        "endColumn": 112,
                        "endOffset": 2514
                    }
                }
            }
        ]
    },
    {
        "outputFile": "/Users/HoangNguyen/Library/Mobile Documents/com~apple~CloudDocs/A - AS/AmericanSTEM/app/build/intermediates/incremental/mergeDebugResources/merged.dir/values-v23/values-v23.xml",
        "map": [
            {
                "to": {
                    "startLine": 2,
                    "startColumn": 4,
                    "startOffset": 55,
                    "endColumn": 134,
                    "endOffset": 185
                },
                "from": {
                    "file": "/Users/HoangNguyen/.android/build-cache/43f078533731f46c2275e5cdc867d969f067de91/output/res/values-v23/values-v23.xml",
                    "position": {
                        "startLine": 2,
                        "startColumn": 4,
                        "startOffset": 55,
                        "endColumn": 134,
                        "endOffset": 185
                    }
                }
            },
            {
                "to": {
                    "startLine": 3,
                    "startColumn": 4,
                    "startOffset": 190,
                    "endColumn": 134,
                    "endOffset": 320
                },
                "from": {
                    "file": "/Users/HoangNguyen/.android/build-cache/43f078533731f46c2275e5cdc867d969f067de91/output/res/values-v23/values-v23.xml",
                    "position": {
                        "startLine": 3,
                        "startColumn": 4,
                        "startOffset": 190,
                        "endColumn": 134,
                        "endOffset": 320
                    }
                }
            },
            {
                "to": {
                    "startLine": 4,
                    "startColumn": 4,
                    "startOffset": 325,
                    "endColumn": 74,
                    "endOffset": 395
                },
                "from": {
                    "file": "/Users/HoangNguyen/.android/build-cache/43f078533731f46c2275e5cdc867d969f067de91/output/res/values-v23/values-v23.xml",
                    "position": {
                        "startLine": 4,
                        "startColumn": 4,
                        "startOffset": 325,
                        "endColumn": 74,
                        "endOffset": 395
                    }
                }
            },
            {
                "to": {
                    "startLine": 5,
                    "startColumn": 4,
                    "startOffset": 400,
                    "endColumn": 86,
                    "endOffset": 482
                },
                "from": {
                    "file": "/Users/HoangNguyen/.android/build-cache/43f078533731f46c2275e5cdc867d969f067de91/output/res/values-v23/values-v23.xml",
                    "position": {
                        "startLine": 5,
                        "startColumn": 4,
                        "startOffset": 400,
                        "endColumn": 86,
                        "endOffset": 482
                    }
                }
            },
            {
                "to": {
                    "startLine": 6,
                    "startColumn": 4,
                    "startOffset": 487,
                    "endLine": 18,
                    "endColumn": 12,
                    "endOffset": 1272
                },
                "from": {
                    "file": "/Users/HoangNguyen/.android/build-cache/43f078533731f46c2275e5cdc867d969f067de91/output/res/values-v23/values-v23.xml",
                    "position": {
                        "startLine": 6,
                        "startColumn": 4,
                        "startOffset": 487,
                        "endLine": 18,
                        "endColumn": 12,
                        "endOffset": 1272
                    }
                }
            },
            {
                "to": {
                    "startLine": 19,
                    "startColumn": 4,
                    "startOffset": 1277,
                    "endLine": 31,
                    "endColumn": 12,
                    "endOffset": 2074
                },
                "from": {
                    "file": "/Users/HoangNguyen/.android/build-cache/43f078533731f46c2275e5cdc867d969f067de91/output/res/values-v23/values-v23.xml",
                    "position": {
                        "startLine": 19,
                        "startColumn": 4,
                        "startOffset": 1277,
                        "endLine": 31,
                        "endColumn": 12,
                        "endOffset": 2074
                    }
                }
            },
            {
                "to": {
                    "startLine": 32,
                    "startColumn": 4,
                    "startOffset": 2079,
                    "endColumn": 104,
                    "endOffset": 2179
                },
                "from": {
                    "file": "/Users/HoangNguyen/.android/build-cache/43f078533731f46c2275e5cdc867d969f067de91/output/res/values-v23/values-v23.xml",
                    "position": {
                        "startLine": 32,
                        "startColumn": 4,
                        "startOffset": 2079,
                        "endColumn": 104,
                        "endOffset": 2179
                    }
                }
            },
            {
                "to": {
                    "startLine": 33,
                    "startColumn": 4,
                    "startOffset": 2184,
                    "endColumn": 114,
                    "endOffset": 2294
                },
                "from": {
                    "file": "/Users/HoangNguyen/.android/build-cache/43f078533731f46c2275e5cdc867d969f067de91/output/res/values-v23/values-v23.xml",
                    "position": {
                        "startLine": 33,
                        "startColumn": 4,
                        "startOffset": 2184,
                        "endColumn": 114,
                        "endOffset": 2294
                    }
                }
            },
            {
                "to": {
                    "startLine": 34,
                    "startColumn": 4,
                    "startOffset": 2299,
                    "endColumn": 106,
                    "endOffset": 2401
                },
                "from": {
                    "file": "/Users/HoangNguyen/.android/build-cache/43f078533731f46c2275e5cdc867d969f067de91/output/res/values-v23/values-v23.xml",
                    "position": {
                        "startLine": 34,
                        "startColumn": 4,
                        "startOffset": 2299,
                        "endColumn": 106,
                        "endOffset": 2401
                    }
                }
            },
            {
                "to": {
                    "startLine": 35,
                    "startColumn": 4,
                    "startOffset": 2406,
                    "endColumn": 112,
                    "endOffset": 2514
                },
                "from": {
                    "file": "/Users/HoangNguyen/.android/build-cache/43f078533731f46c2275e5cdc867d969f067de91/output/res/values-v23/values-v23.xml",
                    "position": {
                        "startLine": 35,
                        "startColumn": 4,
                        "startOffset": 2406,
                        "endColumn": 112,
                        "endOffset": 2514
                    }
                }
            }
        ]
    },
    {
        "outputFile": "/Users/HoangNguyen/Library/Mobile Documents/com~apple~CloudDocs/A - AS/AmericanSTEM/C:\\Users\\Hoang Nguyen\\iCloudDrive\\A - AS\\AmericanSTEM\\app\\build\\intermediates\\incremental\\mergeDebugResources\\merged.dir\\values-v23\\values-v23.xml",
        "map": [
            {
                "to": {
                    "startLine": 2,
                    "startColumn": 4,
                    "startOffset": 55,
                    "endColumn": 134,
                    "endOffset": 185
                },
                "from": {
                    "file": "/Users/HoangNguyen/Library/Mobile Documents/com~apple~CloudDocs/A - AS/AmericanSTEM/C:\\Users\\Hoang Nguyen\\.android\\build-cache\\5bb72b998dfd92d1f1290e1783b2f3fadf293585\\output\\res\\values-v23\\values-v23.xml",
                    "position": {
                        "startLine": 2,
                        "startColumn": 4,
                        "startOffset": 55,
                        "endColumn": 134,
                        "endOffset": 185
                    }
                }
            },
            {
                "to": {
                    "startLine": 3,
                    "startColumn": 4,
                    "startOffset": 190,
                    "endColumn": 134,
                    "endOffset": 320
                },
                "from": {
                    "file": "/Users/HoangNguyen/Library/Mobile Documents/com~apple~CloudDocs/A - AS/AmericanSTEM/C:\\Users\\Hoang Nguyen\\.android\\build-cache\\5bb72b998dfd92d1f1290e1783b2f3fadf293585\\output\\res\\values-v23\\values-v23.xml",
                    "position": {
                        "startLine": 3,
                        "startColumn": 4,
                        "startOffset": 190,
                        "endColumn": 134,
                        "endOffset": 320
                    }
                }
            },
            {
                "to": {
                    "startLine": 4,
                    "startColumn": 4,
                    "startOffset": 325,
                    "endColumn": 74,
                    "endOffset": 395
                },
                "from": {
                    "file": "/Users/HoangNguyen/Library/Mobile Documents/com~apple~CloudDocs/A - AS/AmericanSTEM/C:\\Users\\Hoang Nguyen\\.android\\build-cache\\5bb72b998dfd92d1f1290e1783b2f3fadf293585\\output\\res\\values-v23\\values-v23.xml",
                    "position": {
                        "startLine": 4,
                        "startColumn": 4,
                        "startOffset": 325,
                        "endColumn": 74,
                        "endOffset": 395
                    }
                }
            },
            {
                "to": {
                    "startLine": 5,
                    "startColumn": 4,
                    "startOffset": 400,
                    "endColumn": 86,
                    "endOffset": 482
                },
                "from": {
                    "file": "/Users/HoangNguyen/Library/Mobile Documents/com~apple~CloudDocs/A - AS/AmericanSTEM/C:\\Users\\Hoang Nguyen\\.android\\build-cache\\5bb72b998dfd92d1f1290e1783b2f3fadf293585\\output\\res\\values-v23\\values-v23.xml",
                    "position": {
                        "startLine": 5,
                        "startColumn": 4,
                        "startOffset": 400,
                        "endColumn": 86,
                        "endOffset": 482
                    }
                }
            },
            {
                "to": {
                    "startLine": 6,
                    "startColumn": 4,
                    "startOffset": 487,
                    "endLine": 18,
                    "endColumn": 12,
                    "endOffset": 1272
                },
                "from": {
                    "file": "/Users/HoangNguyen/Library/Mobile Documents/com~apple~CloudDocs/A - AS/AmericanSTEM/C:\\Users\\Hoang Nguyen\\.android\\build-cache\\5bb72b998dfd92d1f1290e1783b2f3fadf293585\\output\\res\\values-v23\\values-v23.xml",
                    "position": {
                        "startLine": 6,
                        "startColumn": 4,
                        "startOffset": 487,
                        "endLine": 18,
                        "endColumn": 12,
                        "endOffset": 1272
                    }
                }
            },
            {
                "to": {
                    "startLine": 19,
                    "startColumn": 4,
                    "startOffset": 1277,
                    "endLine": 31,
                    "endColumn": 12,
                    "endOffset": 2074
                },
                "from": {
                    "file": "/Users/HoangNguyen/Library/Mobile Documents/com~apple~CloudDocs/A - AS/AmericanSTEM/C:\\Users\\Hoang Nguyen\\.android\\build-cache\\5bb72b998dfd92d1f1290e1783b2f3fadf293585\\output\\res\\values-v23\\values-v23.xml",
                    "position": {
                        "startLine": 19,
                        "startColumn": 4,
                        "startOffset": 1277,
                        "endLine": 31,
                        "endColumn": 12,
                        "endOffset": 2074
                    }
                }
            },
            {
                "to": {
                    "startLine": 32,
                    "startColumn": 4,
                    "startOffset": 2079,
                    "endColumn": 104,
                    "endOffset": 2179
                },
                "from": {
                    "file": "/Users/HoangNguyen/Library/Mobile Documents/com~apple~CloudDocs/A - AS/AmericanSTEM/C:\\Users\\Hoang Nguyen\\.android\\build-cache\\5bb72b998dfd92d1f1290e1783b2f3fadf293585\\output\\res\\values-v23\\values-v23.xml",
                    "position": {
                        "startLine": 32,
                        "startColumn": 4,
                        "startOffset": 2079,
                        "endColumn": 104,
                        "endOffset": 2179
                    }
                }
            },
            {
                "to": {
                    "startLine": 33,
                    "startColumn": 4,
                    "startOffset": 2184,
                    "endColumn": 114,
                    "endOffset": 2294
                },
                "from": {
                    "file": "/Users/HoangNguyen/Library/Mobile Documents/com~apple~CloudDocs/A - AS/AmericanSTEM/C:\\Users\\Hoang Nguyen\\.android\\build-cache\\5bb72b998dfd92d1f1290e1783b2f3fadf293585\\output\\res\\values-v23\\values-v23.xml",
                    "position": {
                        "startLine": 33,
                        "startColumn": 4,
                        "startOffset": 2184,
                        "endColumn": 114,
                        "endOffset": 2294
                    }
                }
            },
            {
                "to": {
                    "startLine": 34,
                    "startColumn": 4,
                    "startOffset": 2299,
                    "endColumn": 106,
                    "endOffset": 2401
                },
                "from": {
                    "file": "/Users/HoangNguyen/Library/Mobile Documents/com~apple~CloudDocs/A - AS/AmericanSTEM/C:\\Users\\Hoang Nguyen\\.android\\build-cache\\5bb72b998dfd92d1f1290e1783b2f3fadf293585\\output\\res\\values-v23\\values-v23.xml",
                    "position": {
                        "startLine": 34,
                        "startColumn": 4,
                        "startOffset": 2299,
                        "endColumn": 106,
                        "endOffset": 2401
                    }
                }
            },
            {
                "to": {
                    "startLine": 35,
                    "startColumn": 4,
                    "startOffset": 2406,
                    "endColumn": 112,
                    "endOffset": 2514
                },
                "from": {
                    "file": "/Users/HoangNguyen/Library/Mobile Documents/com~apple~CloudDocs/A - AS/AmericanSTEM/C:\\Users\\Hoang Nguyen\\.android\\build-cache\\5bb72b998dfd92d1f1290e1783b2f3fadf293585\\output\\res\\values-v23\\values-v23.xml",
                    "position": {
                        "startLine": 35,
                        "startColumn": 4,
                        "startOffset": 2406,
                        "endColumn": 112,
                        "endOffset": 2514
                    }
                }
            }
        ]
    }
]