[
    {
        "outputFile": "/Users/HoangNguyen/Library/Mobile Documents/com~apple~CloudDocs/A - AS/AmericanSTEM/C:\\Users\\HoangNguyen\\Desktop\\AmericanSTEM\\app\\build\\intermediates\\incremental\\mergeDebugResources\\merged.dir\\values-zh-rTW\\values-zh-rTW.xml",
        "map": [
            {
                "to": {
                    "startLine": 2,
                    "startColumn": 4,
                    "startOffset": 55,
                    "endColumn": 94,
                    "endOffset": 145
                },
                "from": {
                    "file": "/Users/HoangNguyen/Library/Mobile Documents/com~apple~CloudDocs/A - AS/AmericanSTEM/C:\\Users\\HoangNguyen\\.android\\build-cache\\43f078533731f46c2275e5cdc867d969f067de91\\output\\res\\values-zh-rTW\\values-zh-rTW.xml",
                    "position": {
                        "startLine": 2,
                        "startColumn": 4,
                        "startOffset": 55,
                        "endColumn": 94,
                        "endOffset": 145
                    }
                }
            },
            {
                "to": {
                    "startLine": 3,
                    "startColumn": 4,
                    "startOffset": 150,
                    "endColumn": 106,
                    "endOffset": 252
                },
                "from": {
                    "file": "/Users/HoangNguyen/Library/Mobile Documents/com~apple~CloudDocs/A - AS/AmericanSTEM/C:\\Users\\HoangNguyen\\.android\\build-cache\\43f078533731f46c2275e5cdc867d969f067de91\\output\\res\\values-zh-rTW\\values-zh-rTW.xml",
                    "position": {
                        "startLine": 3,
                        "startColumn": 4,
                        "startOffset": 150,
                        "endColumn": 106,
                        "endOffset": 252
                    }
                }
            },
            {
                "to": {
                    "startLine": 4,
                    "startColumn": 4,
                    "startOffset": 257,
                    "endColumn": 122,
                    "endOffset": 375
                },
                "from": {
                    "file": "/Users/HoangNguyen/Library/Mobile Documents/com~apple~CloudDocs/A - AS/AmericanSTEM/C:\\Users\\HoangNguyen\\.android\\build-cache\\43f078533731f46c2275e5cdc867d969f067de91\\output\\res\\values-zh-rTW\\values-zh-rTW.xml",
                    "position": {
                        "startLine": 4,
                        "startColumn": 4,
                        "startOffset": 257,
                        "endColumn": 122,
                        "endOffset": 375
                    }
                }
            },
            {
                "to": {
                    "startLine": 5,
                    "startColumn": 4,
                    "startOffset": 380,
                    "endColumn": 92,
                    "endOffset": 468
                },
                "from": {
                    "file": "/Users/HoangNguyen/Library/Mobile Documents/com~apple~CloudDocs/A - AS/AmericanSTEM/C:\\Users\\HoangNguyen\\.android\\build-cache\\43f078533731f46c2275e5cdc867d969f067de91\\output\\res\\values-zh-rTW\\values-zh-rTW.xml",
                    "position": {
                        "startLine": 5,
                        "startColumn": 4,
                        "startOffset": 380,
                        "endColumn": 92,
                        "endOffset": 468
                    }
                }
            },
            {
                "to": {
                    "startLine": 6,
                    "startColumn": 4,
                    "startOffset": 473,
                    "endColumn": 99,
                    "endOffset": 568
                },
                "from": {
                    "file": "/Users/HoangNguyen/Library/Mobile Documents/com~apple~CloudDocs/A - AS/AmericanSTEM/C:\\Users\\HoangNguyen\\.android\\build-cache\\43f078533731f46c2275e5cdc867d969f067de91\\output\\res\\values-zh-rTW\\values-zh-rTW.xml",
                    "position": {
                        "startLine": 6,
                        "startColumn": 4,
                        "startOffset": 473,
                        "endColumn": 99,
                        "endOffset": 568
                    }
                }
            },
            {
                "to": {
                    "startLine": 7,
                    "startColumn": 4,
                    "startOffset": 573,
                    "endColumn": 81,
                    "endOffset": 650
                },
                "from": {
                    "file": "/Users/HoangNguyen/Library/Mobile Documents/com~apple~CloudDocs/A - AS/AmericanSTEM/C:\\Users\\HoangNguyen\\.android\\build-cache\\43f078533731f46c2275e5cdc867d969f067de91\\output\\res\\values-zh-rTW\\values-zh-rTW.xml",
                    "position": {
                        "startLine": 7,
                        "startColumn": 4,
                        "startOffset": 573,
                        "endColumn": 81,
                        "endOffset": 650
                    }
                }
            },
            {
                "to": {
                    "startLine": 8,
                    "startColumn": 4,
                    "startOffset": 655,
                    "endColumn": 96,
                    "endOffset": 747
                },
                "from": {
                    "file": "/Users/HoangNguyen/Library/Mobile Documents/com~apple~CloudDocs/A - AS/AmericanSTEM/C:\\Users\\HoangNguyen\\.android\\build-cache\\43f078533731f46c2275e5cdc867d969f067de91\\output\\res\\values-zh-rTW\\values-zh-rTW.xml",
                    "position": {
                        "startLine": 8,
                        "startColumn": 4,
                        "startOffset": 655,
                        "endColumn": 96,
                        "endOffset": 747
                    }
                }
            },
            {
                "to": {
                    "startLine": 9,
                    "startColumn": 4,
                    "startOffset": 752,
                    "endColumn": 107,
                    "endOffset": 855
                },
                "from": {
                    "file": "/Users/HoangNguyen/Library/Mobile Documents/com~apple~CloudDocs/A - AS/AmericanSTEM/C:\\Users\\HoangNguyen\\.android\\build-cache\\43f078533731f46c2275e5cdc867d969f067de91\\output\\res\\values-zh-rTW\\values-zh-rTW.xml",
                    "position": {
                        "startLine": 9,
                        "startColumn": 4,
                        "startOffset": 752,
                        "endColumn": 107,
                        "endOffset": 855
                    }
                }
            },
            {
                "to": {
                    "startLine": 10,
                    "startColumn": 4,
                    "startOffset": 860,
                    "endColumn": 75,
                    "endOffset": 931
                },
                "from": {
                    "file": "/Users/HoangNguyen/Library/Mobile Documents/com~apple~CloudDocs/A - AS/AmericanSTEM/C:\\Users\\HoangNguyen\\.android\\build-cache\\43f078533731f46c2275e5cdc867d969f067de91\\output\\res\\values-zh-rTW\\values-zh-rTW.xml",
                    "position": {
                        "startLine": 10,
                        "startColumn": 4,
                        "startOffset": 860,
                        "endColumn": 75,
                        "endOffset": 931
                    }
                }
            },
            {
                "to": {
                    "startLine": 11,
                    "startColumn": 4,
                    "startOffset": 936,
                    "endColumn": 75,
                    "endOffset": 1007
                },
                "from": {
                    "file": "/Users/HoangNguyen/Library/Mobile Documents/com~apple~CloudDocs/A - AS/AmericanSTEM/C:\\Users\\HoangNguyen\\.android\\build-cache\\43f078533731f46c2275e5cdc867d969f067de91\\output\\res\\values-zh-rTW\\values-zh-rTW.xml",
                    "position": {
                        "startLine": 11,
                        "startColumn": 4,
                        "startOffset": 936,
                        "endColumn": 75,
                        "endOffset": 1007
                    }
                }
            },
            {
                "to": {
                    "startLine": 12,
                    "startColumn": 4,
                    "startOffset": 1012,
                    "endColumn": 77,
                    "endOffset": 1085
                },
                "from": {
                    "file": "/Users/HoangNguyen/Library/Mobile Documents/com~apple~CloudDocs/A - AS/AmericanSTEM/C:\\Users\\HoangNguyen\\.android\\build-cache\\43f078533731f46c2275e5cdc867d969f067de91\\output\\res\\values-zh-rTW\\values-zh-rTW.xml",
                    "position": {
                        "startLine": 12,
                        "startColumn": 4,
                        "startOffset": 1012,
                        "endColumn": 77,
                        "endOffset": 1085
                    }
                }
            },
            {
                "to": {
                    "startLine": 13,
                    "startColumn": 4,
                    "startOffset": 1090,
                    "endColumn": 95,
                    "endOffset": 1181
                },
                "from": {
                    "file": "/Users/HoangNguyen/Library/Mobile Documents/com~apple~CloudDocs/A - AS/AmericanSTEM/C:\\Users\\HoangNguyen\\.android\\build-cache\\43f078533731f46c2275e5cdc867d969f067de91\\output\\res\\values-zh-rTW\\values-zh-rTW.xml",
                    "position": {
                        "startLine": 13,
                        "startColumn": 4,
                        "startOffset": 1090,
                        "endColumn": 95,
                        "endOffset": 1181
                    }
                }
            },
            {
                "to": {
                    "startLine": 14,
                    "startColumn": 4,
                    "startOffset": 1186,
                    "endColumn": 95,
                    "endOffset": 1277
                },
                "from": {
                    "file": "/Users/HoangNguyen/Library/Mobile Documents/com~apple~CloudDocs/A - AS/AmericanSTEM/C:\\Users\\HoangNguyen\\.android\\build-cache\\43f078533731f46c2275e5cdc867d969f067de91\\output\\res\\values-zh-rTW\\values-zh-rTW.xml",
                    "position": {
                        "startLine": 14,
                        "startColumn": 4,
                        "startOffset": 1186,
                        "endColumn": 95,
                        "endOffset": 1277
                    }
                }
            },
            {
                "to": {
                    "startLine": 15,
                    "startColumn": 4,
                    "startOffset": 1282,
                    "endColumn": 94,
                    "endOffset": 1372
                },
                "from": {
                    "file": "/Users/HoangNguyen/Library/Mobile Documents/com~apple~CloudDocs/A - AS/AmericanSTEM/C:\\Users\\HoangNguyen\\.android\\build-cache\\43f078533731f46c2275e5cdc867d969f067de91\\output\\res\\values-zh-rTW\\values-zh-rTW.xml",
                    "position": {
                        "startLine": 15,
                        "startColumn": 4,
                        "startOffset": 1282,
                        "endColumn": 94,
                        "endOffset": 1372
                    }
                }
            },
            {
                "to": {
                    "startLine": 16,
                    "startColumn": 4,
                    "startOffset": 1377,
                    "endColumn": 96,
                    "endOffset": 1469
                },
                "from": {
                    "file": "/Users/HoangNguyen/Library/Mobile Documents/com~apple~CloudDocs/A - AS/AmericanSTEM/C:\\Users\\HoangNguyen\\.android\\build-cache\\43f078533731f46c2275e5cdc867d969f067de91\\output\\res\\values-zh-rTW\\values-zh-rTW.xml",
                    "position": {
                        "startLine": 16,
                        "startColumn": 4,
                        "startOffset": 1377,
                        "endColumn": 96,
                        "endOffset": 1469
                    }
                }
            },
            {
                "to": {
                    "startLine": 17,
                    "startColumn": 4,
                    "startOffset": 1474,
                    "endColumn": 94,
                    "endOffset": 1564
                },
                "from": {
                    "file": "/Users/HoangNguyen/Library/Mobile Documents/com~apple~CloudDocs/A - AS/AmericanSTEM/C:\\Users\\HoangNguyen\\.android\\build-cache\\43f078533731f46c2275e5cdc867d969f067de91\\output\\res\\values-zh-rTW\\values-zh-rTW.xml",
                    "position": {
                        "startLine": 17,
                        "startColumn": 4,
                        "startOffset": 1474,
                        "endColumn": 94,
                        "endOffset": 1564
                    }
                }
            },
            {
                "to": {
                    "startLine": 18,
                    "startColumn": 4,
                    "startOffset": 1569,
                    "endColumn": 99,
                    "endOffset": 1664
                },
                "from": {
                    "file": "/Users/HoangNguyen/Library/Mobile Documents/com~apple~CloudDocs/A - AS/AmericanSTEM/C:\\Users\\HoangNguyen\\.android\\build-cache\\43f078533731f46c2275e5cdc867d969f067de91\\output\\res\\values-zh-rTW\\values-zh-rTW.xml",
                    "position": {
                        "startLine": 18,
                        "startColumn": 4,
                        "startOffset": 1569,
                        "endColumn": 99,
                        "endOffset": 1664
                    }
                }
            },
            {
                "to": {
                    "startLine": 19,
                    "startColumn": 4,
                    "startOffset": 1669,
                    "endColumn": 112,
                    "endOffset": 1777
                },
                "from": {
                    "file": "/Users/HoangNguyen/Library/Mobile Documents/com~apple~CloudDocs/A - AS/AmericanSTEM/C:\\Users\\HoangNguyen\\.android\\build-cache\\43f078533731f46c2275e5cdc867d969f067de91\\output\\res\\values-zh-rTW\\values-zh-rTW.xml",
                    "position": {
                        "startLine": 19,
                        "startColumn": 4,
                        "startOffset": 1669,
                        "endColumn": 112,
                        "endOffset": 1777
                    }
                }
            },
            {
                "to": {
                    "startLine": 20,
                    "startColumn": 4,
                    "startOffset": 1782,
                    "endColumn": 93,
                    "endOffset": 1871
                },
                "from": {
                    "file": "/Users/HoangNguyen/Library/Mobile Documents/com~apple~CloudDocs/A - AS/AmericanSTEM/C:\\Users\\HoangNguyen\\.android\\build-cache\\43f078533731f46c2275e5cdc867d969f067de91\\output\\res\\values-zh-rTW\\values-zh-rTW.xml",
                    "position": {
                        "startLine": 20,
                        "startColumn": 4,
                        "startOffset": 1782,
                        "endColumn": 93,
                        "endOffset": 1871
                    }
                }
            },
            {
                "to": {
                    "startLine": 21,
                    "startColumn": 4,
                    "startOffset": 1876,
                    "endColumn": 100,
                    "endOffset": 1972
                },
                "from": {
                    "file": "/Users/HoangNguyen/Library/Mobile Documents/com~apple~CloudDocs/A - AS/AmericanSTEM/C:\\Users\\HoangNguyen\\.android\\build-cache\\43f078533731f46c2275e5cdc867d969f067de91\\output\\res\\values-zh-rTW\\values-zh-rTW.xml",
                    "position": {
                        "startLine": 21,
                        "startColumn": 4,
                        "startOffset": 1876,
                        "endColumn": 100,
                        "endOffset": 1972
                    }
                }
            }
        ]
    },
    {
        "outputFile": "/Users/HoangNguyen/Library/Mobile Documents/com~apple~CloudDocs/A - AS/AmericanSTEM/C:\\Users\\Hoang Nguyen\\iCloudDrive\\A - AS\\AmericanSTEM\\app\\build\\intermediates\\incremental\\mergeDebugResources\\merged.dir\\values-zh-rTW\\values-zh-rTW.xml",
        "map": [
            {
                "to": {
                    "startLine": 2,
                    "startColumn": 4,
                    "startOffset": 55,
                    "endColumn": 94,
                    "endOffset": 145
                },
                "from": {
                    "file": "/Users/HoangNguyen/Library/Mobile Documents/com~apple~CloudDocs/A - AS/AmericanSTEM/C:\\Users\\Hoang Nguyen\\.android\\build-cache\\5bb72b998dfd92d1f1290e1783b2f3fadf293585\\output\\res\\values-zh-rTW\\values-zh-rTW.xml",
                    "position": {
                        "startLine": 2,
                        "startColumn": 4,
                        "startOffset": 55,
                        "endColumn": 94,
                        "endOffset": 145
                    }
                }
            },
            {
                "to": {
                    "startLine": 3,
                    "startColumn": 4,
                    "startOffset": 150,
                    "endColumn": 106,
                    "endOffset": 252
                },
                "from": {
                    "file": "/Users/HoangNguyen/Library/Mobile Documents/com~apple~CloudDocs/A - AS/AmericanSTEM/C:\\Users\\Hoang Nguyen\\.android\\build-cache\\5bb72b998dfd92d1f1290e1783b2f3fadf293585\\output\\res\\values-zh-rTW\\values-zh-rTW.xml",
                    "position": {
                        "startLine": 3,
                        "startColumn": 4,
                        "startOffset": 150,
                        "endColumn": 106,
                        "endOffset": 252
                    }
                }
            },
            {
                "to": {
                    "startLine": 4,
                    "startColumn": 4,
                    "startOffset": 257,
                    "endColumn": 122,
                    "endOffset": 375
                },
                "from": {
                    "file": "/Users/HoangNguyen/Library/Mobile Documents/com~apple~CloudDocs/A - AS/AmericanSTEM/C:\\Users\\Hoang Nguyen\\.android\\build-cache\\5bb72b998dfd92d1f1290e1783b2f3fadf293585\\output\\res\\values-zh-rTW\\values-zh-rTW.xml",
                    "position": {
                        "startLine": 4,
                        "startColumn": 4,
                        "startOffset": 257,
                        "endColumn": 122,
                        "endOffset": 375
                    }
                }
            },
            {
                "to": {
                    "startLine": 5,
                    "startColumn": 4,
                    "startOffset": 380,
                    "endColumn": 92,
                    "endOffset": 468
                },
                "from": {
                    "file": "/Users/HoangNguyen/Library/Mobile Documents/com~apple~CloudDocs/A - AS/AmericanSTEM/C:\\Users\\Hoang Nguyen\\.android\\build-cache\\5bb72b998dfd92d1f1290e1783b2f3fadf293585\\output\\res\\values-zh-rTW\\values-zh-rTW.xml",
                    "position": {
                        "startLine": 5,
                        "startColumn": 4,
                        "startOffset": 380,
                        "endColumn": 92,
                        "endOffset": 468
                    }
                }
            },
            {
                "to": {
                    "startLine": 6,
                    "startColumn": 4,
                    "startOffset": 473,
                    "endColumn": 99,
                    "endOffset": 568
                },
                "from": {
                    "file": "/Users/HoangNguyen/Library/Mobile Documents/com~apple~CloudDocs/A - AS/AmericanSTEM/C:\\Users\\Hoang Nguyen\\.android\\build-cache\\5bb72b998dfd92d1f1290e1783b2f3fadf293585\\output\\res\\values-zh-rTW\\values-zh-rTW.xml",
                    "position": {
                        "startLine": 6,
                        "startColumn": 4,
                        "startOffset": 473,
                        "endColumn": 99,
                        "endOffset": 568
                    }
                }
            },
            {
                "to": {
                    "startLine": 7,
                    "startColumn": 4,
                    "startOffset": 573,
                    "endColumn": 81,
                    "endOffset": 650
                },
                "from": {
                    "file": "/Users/HoangNguyen/Library/Mobile Documents/com~apple~CloudDocs/A - AS/AmericanSTEM/C:\\Users\\Hoang Nguyen\\.android\\build-cache\\5bb72b998dfd92d1f1290e1783b2f3fadf293585\\output\\res\\values-zh-rTW\\values-zh-rTW.xml",
                    "position": {
                        "startLine": 7,
                        "startColumn": 4,
                        "startOffset": 573,
                        "endColumn": 81,
                        "endOffset": 650
                    }
                }
            },
            {
                "to": {
                    "startLine": 8,
                    "startColumn": 4,
                    "startOffset": 655,
                    "endColumn": 96,
                    "endOffset": 747
                },
                "from": {
                    "file": "/Users/HoangNguyen/Library/Mobile Documents/com~apple~CloudDocs/A - AS/AmericanSTEM/C:\\Users\\Hoang Nguyen\\.android\\build-cache\\5bb72b998dfd92d1f1290e1783b2f3fadf293585\\output\\res\\values-zh-rTW\\values-zh-rTW.xml",
                    "position": {
                        "startLine": 8,
                        "startColumn": 4,
                        "startOffset": 655,
                        "endColumn": 96,
                        "endOffset": 747
                    }
                }
            },
            {
                "to": {
                    "startLine": 9,
                    "startColumn": 4,
                    "startOffset": 752,
                    "endColumn": 107,
                    "endOffset": 855
                },
                "from": {
                    "file": "/Users/HoangNguyen/Library/Mobile Documents/com~apple~CloudDocs/A - AS/AmericanSTEM/C:\\Users\\Hoang Nguyen\\.android\\build-cache\\5bb72b998dfd92d1f1290e1783b2f3fadf293585\\output\\res\\values-zh-rTW\\values-zh-rTW.xml",
                    "position": {
                        "startLine": 9,
                        "startColumn": 4,
                        "startOffset": 752,
                        "endColumn": 107,
                        "endOffset": 855
                    }
                }
            },
            {
                "to": {
                    "startLine": 10,
                    "startColumn": 4,
                    "startOffset": 860,
                    "endColumn": 75,
                    "endOffset": 931
                },
                "from": {
                    "file": "/Users/HoangNguyen/Library/Mobile Documents/com~apple~CloudDocs/A - AS/AmericanSTEM/C:\\Users\\Hoang Nguyen\\.android\\build-cache\\5bb72b998dfd92d1f1290e1783b2f3fadf293585\\output\\res\\values-zh-rTW\\values-zh-rTW.xml",
                    "position": {
                        "startLine": 10,
                        "startColumn": 4,
                        "startOffset": 860,
                        "endColumn": 75,
                        "endOffset": 931
                    }
                }
            },
            {
                "to": {
                    "startLine": 11,
                    "startColumn": 4,
                    "startOffset": 936,
                    "endColumn": 75,
                    "endOffset": 1007
                },
                "from": {
                    "file": "/Users/HoangNguyen/Library/Mobile Documents/com~apple~CloudDocs/A - AS/AmericanSTEM/C:\\Users\\Hoang Nguyen\\.android\\build-cache\\5bb72b998dfd92d1f1290e1783b2f3fadf293585\\output\\res\\values-zh-rTW\\values-zh-rTW.xml",
                    "position": {
                        "startLine": 11,
                        "startColumn": 4,
                        "startOffset": 936,
                        "endColumn": 75,
                        "endOffset": 1007
                    }
                }
            },
            {
                "to": {
                    "startLine": 12,
                    "startColumn": 4,
                    "startOffset": 1012,
                    "endColumn": 77,
                    "endOffset": 1085
                },
                "from": {
                    "file": "/Users/HoangNguyen/Library/Mobile Documents/com~apple~CloudDocs/A - AS/AmericanSTEM/C:\\Users\\Hoang Nguyen\\.android\\build-cache\\5bb72b998dfd92d1f1290e1783b2f3fadf293585\\output\\res\\values-zh-rTW\\values-zh-rTW.xml",
                    "position": {
                        "startLine": 12,
                        "startColumn": 4,
                        "startOffset": 1012,
                        "endColumn": 77,
                        "endOffset": 1085
                    }
                }
            },
            {
                "to": {
                    "startLine": 13,
                    "startColumn": 4,
                    "startOffset": 1090,
                    "endColumn": 95,
                    "endOffset": 1181
                },
                "from": {
                    "file": "/Users/HoangNguyen/Library/Mobile Documents/com~apple~CloudDocs/A - AS/AmericanSTEM/C:\\Users\\Hoang Nguyen\\.android\\build-cache\\5bb72b998dfd92d1f1290e1783b2f3fadf293585\\output\\res\\values-zh-rTW\\values-zh-rTW.xml",
                    "position": {
                        "startLine": 13,
                        "startColumn": 4,
                        "startOffset": 1090,
                        "endColumn": 95,
                        "endOffset": 1181
                    }
                }
            },
            {
                "to": {
                    "startLine": 14,
                    "startColumn": 4,
                    "startOffset": 1186,
                    "endColumn": 95,
                    "endOffset": 1277
                },
                "from": {
                    "file": "/Users/HoangNguyen/Library/Mobile Documents/com~apple~CloudDocs/A - AS/AmericanSTEM/C:\\Users\\Hoang Nguyen\\.android\\build-cache\\5bb72b998dfd92d1f1290e1783b2f3fadf293585\\output\\res\\values-zh-rTW\\values-zh-rTW.xml",
                    "position": {
                        "startLine": 14,
                        "startColumn": 4,
                        "startOffset": 1186,
                        "endColumn": 95,
                        "endOffset": 1277
                    }
                }
            },
            {
                "to": {
                    "startLine": 15,
                    "startColumn": 4,
                    "startOffset": 1282,
                    "endColumn": 94,
                    "endOffset": 1372
                },
                "from": {
                    "file": "/Users/HoangNguyen/Library/Mobile Documents/com~apple~CloudDocs/A - AS/AmericanSTEM/C:\\Users\\Hoang Nguyen\\.android\\build-cache\\5bb72b998dfd92d1f1290e1783b2f3fadf293585\\output\\res\\values-zh-rTW\\values-zh-rTW.xml",
                    "position": {
                        "startLine": 15,
                        "startColumn": 4,
                        "startOffset": 1282,
                        "endColumn": 94,
                        "endOffset": 1372
                    }
                }
            },
            {
                "to": {
                    "startLine": 16,
                    "startColumn": 4,
                    "startOffset": 1377,
                    "endColumn": 96,
                    "endOffset": 1469
                },
                "from": {
                    "file": "/Users/HoangNguyen/Library/Mobile Documents/com~apple~CloudDocs/A - AS/AmericanSTEM/C:\\Users\\Hoang Nguyen\\.android\\build-cache\\5bb72b998dfd92d1f1290e1783b2f3fadf293585\\output\\res\\values-zh-rTW\\values-zh-rTW.xml",
                    "position": {
                        "startLine": 16,
                        "startColumn": 4,
                        "startOffset": 1377,
                        "endColumn": 96,
                        "endOffset": 1469
                    }
                }
            },
            {
                "to": {
                    "startLine": 17,
                    "startColumn": 4,
                    "startOffset": 1474,
                    "endColumn": 94,
                    "endOffset": 1564
                },
                "from": {
                    "file": "/Users/HoangNguyen/Library/Mobile Documents/com~apple~CloudDocs/A - AS/AmericanSTEM/C:\\Users\\Hoang Nguyen\\.android\\build-cache\\5bb72b998dfd92d1f1290e1783b2f3fadf293585\\output\\res\\values-zh-rTW\\values-zh-rTW.xml",
                    "position": {
                        "startLine": 17,
                        "startColumn": 4,
                        "startOffset": 1474,
                        "endColumn": 94,
                        "endOffset": 1564
                    }
                }
            },
            {
                "to": {
                    "startLine": 18,
                    "startColumn": 4,
                    "startOffset": 1569,
                    "endColumn": 99,
                    "endOffset": 1664
                },
                "from": {
                    "file": "/Users/HoangNguyen/Library/Mobile Documents/com~apple~CloudDocs/A - AS/AmericanSTEM/C:\\Users\\Hoang Nguyen\\.android\\build-cache\\5bb72b998dfd92d1f1290e1783b2f3fadf293585\\output\\res\\values-zh-rTW\\values-zh-rTW.xml",
                    "position": {
                        "startLine": 18,
                        "startColumn": 4,
                        "startOffset": 1569,
                        "endColumn": 99,
                        "endOffset": 1664
                    }
                }
            },
            {
                "to": {
                    "startLine": 19,
                    "startColumn": 4,
                    "startOffset": 1669,
                    "endColumn": 112,
                    "endOffset": 1777
                },
                "from": {
                    "file": "/Users/HoangNguyen/Library/Mobile Documents/com~apple~CloudDocs/A - AS/AmericanSTEM/C:\\Users\\Hoang Nguyen\\.android\\build-cache\\5bb72b998dfd92d1f1290e1783b2f3fadf293585\\output\\res\\values-zh-rTW\\values-zh-rTW.xml",
                    "position": {
                        "startLine": 19,
                        "startColumn": 4,
                        "startOffset": 1669,
                        "endColumn": 112,
                        "endOffset": 1777
                    }
                }
            },
            {
                "to": {
                    "startLine": 20,
                    "startColumn": 4,
                    "startOffset": 1782,
                    "endColumn": 93,
                    "endOffset": 1871
                },
                "from": {
                    "file": "/Users/HoangNguyen/Library/Mobile Documents/com~apple~CloudDocs/A - AS/AmericanSTEM/C:\\Users\\Hoang Nguyen\\.android\\build-cache\\5bb72b998dfd92d1f1290e1783b2f3fadf293585\\output\\res\\values-zh-rTW\\values-zh-rTW.xml",
                    "position": {
                        "startLine": 20,
                        "startColumn": 4,
                        "startOffset": 1782,
                        "endColumn": 93,
                        "endOffset": 1871
                    }
                }
            },
            {
                "to": {
                    "startLine": 21,
                    "startColumn": 4,
                    "startOffset": 1876,
                    "endColumn": 100,
                    "endOffset": 1972
                },
                "from": {
                    "file": "/Users/HoangNguyen/Library/Mobile Documents/com~apple~CloudDocs/A - AS/AmericanSTEM/C:\\Users\\Hoang Nguyen\\.android\\build-cache\\5bb72b998dfd92d1f1290e1783b2f3fadf293585\\output\\res\\values-zh-rTW\\values-zh-rTW.xml",
                    "position": {
                        "startLine": 21,
                        "startColumn": 4,
                        "startOffset": 1876,
                        "endColumn": 100,
                        "endOffset": 1972
                    }
                }
            }
        ]
    },
    {
        "outputFile": "/Users/HoangNguyen/Library/Mobile Documents/com~apple~CloudDocs/A - AS/AmericanSTEM/app/build/intermediates/incremental/mergeDebugResources/merged.dir/values-zh-rTW/values-zh-rTW.xml",
        "map": [
            {
                "to": {
                    "startLine": 2,
                    "startColumn": 4,
                    "startOffset": 55,
                    "endColumn": 94,
                    "endOffset": 145
                },
                "from": {
                    "file": "/Users/HoangNguyen/.android/build-cache/43f078533731f46c2275e5cdc867d969f067de91/output/res/values-zh-rTW/values-zh-rTW.xml",
                    "position": {
                        "startLine": 2,
                        "startColumn": 4,
                        "startOffset": 55,
                        "endColumn": 94,
                        "endOffset": 145
                    }
                }
            },
            {
                "to": {
                    "startLine": 3,
                    "startColumn": 4,
                    "startOffset": 150,
                    "endColumn": 106,
                    "endOffset": 252
                },
                "from": {
                    "file": "/Users/HoangNguyen/.android/build-cache/43f078533731f46c2275e5cdc867d969f067de91/output/res/values-zh-rTW/values-zh-rTW.xml",
                    "position": {
                        "startLine": 3,
                        "startColumn": 4,
                        "startOffset": 150,
                        "endColumn": 106,
                        "endOffset": 252
                    }
                }
            },
            {
                "to": {
                    "startLine": 4,
                    "startColumn": 4,
                    "startOffset": 257,
                    "endColumn": 122,
                    "endOffset": 375
                },
                "from": {
                    "file": "/Users/HoangNguyen/.android/build-cache/43f078533731f46c2275e5cdc867d969f067de91/output/res/values-zh-rTW/values-zh-rTW.xml",
                    "position": {
                        "startLine": 4,
                        "startColumn": 4,
                        "startOffset": 257,
                        "endColumn": 122,
                        "endOffset": 375
                    }
                }
            },
            {
                "to": {
                    "startLine": 5,
                    "startColumn": 4,
                    "startOffset": 380,
                    "endColumn": 92,
                    "endOffset": 468
                },
                "from": {
                    "file": "/Users/HoangNguyen/.android/build-cache/43f078533731f46c2275e5cdc867d969f067de91/output/res/values-zh-rTW/values-zh-rTW.xml",
                    "position": {
                        "startLine": 5,
                        "startColumn": 4,
                        "startOffset": 380,
                        "endColumn": 92,
                        "endOffset": 468
                    }
                }
            },
            {
                "to": {
                    "startLine": 6,
                    "startColumn": 4,
                    "startOffset": 473,
                    "endColumn": 99,
                    "endOffset": 568
                },
                "from": {
                    "file": "/Users/HoangNguyen/.android/build-cache/43f078533731f46c2275e5cdc867d969f067de91/output/res/values-zh-rTW/values-zh-rTW.xml",
                    "position": {
                        "startLine": 6,
                        "startColumn": 4,
                        "startOffset": 473,
                        "endColumn": 99,
                        "endOffset": 568
                    }
                }
            },
            {
                "to": {
                    "startLine": 7,
                    "startColumn": 4,
                    "startOffset": 573,
                    "endColumn": 81,
                    "endOffset": 650
                },
                "from": {
                    "file": "/Users/HoangNguyen/.android/build-cache/43f078533731f46c2275e5cdc867d969f067de91/output/res/values-zh-rTW/values-zh-rTW.xml",
                    "position": {
                        "startLine": 7,
                        "startColumn": 4,
                        "startOffset": 573,
                        "endColumn": 81,
                        "endOffset": 650
                    }
                }
            },
            {
                "to": {
                    "startLine": 8,
                    "startColumn": 4,
                    "startOffset": 655,
                    "endColumn": 96,
                    "endOffset": 747
                },
                "from": {
                    "file": "/Users/HoangNguyen/.android/build-cache/43f078533731f46c2275e5cdc867d969f067de91/output/res/values-zh-rTW/values-zh-rTW.xml",
                    "position": {
                        "startLine": 8,
                        "startColumn": 4,
                        "startOffset": 655,
                        "endColumn": 96,
                        "endOffset": 747
                    }
                }
            },
            {
                "to": {
                    "startLine": 9,
                    "startColumn": 4,
                    "startOffset": 752,
                    "endColumn": 107,
                    "endOffset": 855
                },
                "from": {
                    "file": "/Users/HoangNguyen/.android/build-cache/43f078533731f46c2275e5cdc867d969f067de91/output/res/values-zh-rTW/values-zh-rTW.xml",
                    "position": {
                        "startLine": 9,
                        "startColumn": 4,
                        "startOffset": 752,
                        "endColumn": 107,
                        "endOffset": 855
                    }
                }
            },
            {
                "to": {
                    "startLine": 10,
                    "startColumn": 4,
                    "startOffset": 860,
                    "endColumn": 75,
                    "endOffset": 931
                },
                "from": {
                    "file": "/Users/HoangNguyen/.android/build-cache/43f078533731f46c2275e5cdc867d969f067de91/output/res/values-zh-rTW/values-zh-rTW.xml",
                    "position": {
                        "startLine": 10,
                        "startColumn": 4,
                        "startOffset": 860,
                        "endColumn": 75,
                        "endOffset": 931
                    }
                }
            },
            {
                "to": {
                    "startLine": 11,
                    "startColumn": 4,
                    "startOffset": 936,
                    "endColumn": 75,
                    "endOffset": 1007
                },
                "from": {
                    "file": "/Users/HoangNguyen/.android/build-cache/43f078533731f46c2275e5cdc867d969f067de91/output/res/values-zh-rTW/values-zh-rTW.xml",
                    "position": {
                        "startLine": 11,
                        "startColumn": 4,
                        "startOffset": 936,
                        "endColumn": 75,
                        "endOffset": 1007
                    }
                }
            },
            {
                "to": {
                    "startLine": 12,
                    "startColumn": 4,
                    "startOffset": 1012,
                    "endColumn": 77,
                    "endOffset": 1085
                },
                "from": {
                    "file": "/Users/HoangNguyen/.android/build-cache/43f078533731f46c2275e5cdc867d969f067de91/output/res/values-zh-rTW/values-zh-rTW.xml",
                    "position": {
                        "startLine": 12,
                        "startColumn": 4,
                        "startOffset": 1012,
                        "endColumn": 77,
                        "endOffset": 1085
                    }
                }
            },
            {
                "to": {
                    "startLine": 13,
                    "startColumn": 4,
                    "startOffset": 1090,
                    "endColumn": 95,
                    "endOffset": 1181
                },
                "from": {
                    "file": "/Users/HoangNguyen/.android/build-cache/43f078533731f46c2275e5cdc867d969f067de91/output/res/values-zh-rTW/values-zh-rTW.xml",
                    "position": {
                        "startLine": 13,
                        "startColumn": 4,
                        "startOffset": 1090,
                        "endColumn": 95,
                        "endOffset": 1181
                    }
                }
            },
            {
                "to": {
                    "startLine": 14,
                    "startColumn": 4,
                    "startOffset": 1186,
                    "endColumn": 95,
                    "endOffset": 1277
                },
                "from": {
                    "file": "/Users/HoangNguyen/.android/build-cache/43f078533731f46c2275e5cdc867d969f067de91/output/res/values-zh-rTW/values-zh-rTW.xml",
                    "position": {
                        "startLine": 14,
                        "startColumn": 4,
                        "startOffset": 1186,
                        "endColumn": 95,
                        "endOffset": 1277
                    }
                }
            },
            {
                "to": {
                    "startLine": 15,
                    "startColumn": 4,
                    "startOffset": 1282,
                    "endColumn": 94,
                    "endOffset": 1372
                },
                "from": {
                    "file": "/Users/HoangNguyen/.android/build-cache/43f078533731f46c2275e5cdc867d969f067de91/output/res/values-zh-rTW/values-zh-rTW.xml",
                    "position": {
                        "startLine": 15,
                        "startColumn": 4,
                        "startOffset": 1282,
                        "endColumn": 94,
                        "endOffset": 1372
                    }
                }
            },
            {
                "to": {
                    "startLine": 16,
                    "startColumn": 4,
                    "startOffset": 1377,
                    "endColumn": 96,
                    "endOffset": 1469
                },
                "from": {
                    "file": "/Users/HoangNguyen/.android/build-cache/43f078533731f46c2275e5cdc867d969f067de91/output/res/values-zh-rTW/values-zh-rTW.xml",
                    "position": {
                        "startLine": 16,
                        "startColumn": 4,
                        "startOffset": 1377,
                        "endColumn": 96,
                        "endOffset": 1469
                    }
                }
            },
            {
                "to": {
                    "startLine": 17,
                    "startColumn": 4,
                    "startOffset": 1474,
                    "endColumn": 94,
                    "endOffset": 1564
                },
                "from": {
                    "file": "/Users/HoangNguyen/.android/build-cache/43f078533731f46c2275e5cdc867d969f067de91/output/res/values-zh-rTW/values-zh-rTW.xml",
                    "position": {
                        "startLine": 17,
                        "startColumn": 4,
                        "startOffset": 1474,
                        "endColumn": 94,
                        "endOffset": 1564
                    }
                }
            },
            {
                "to": {
                    "startLine": 18,
                    "startColumn": 4,
                    "startOffset": 1569,
                    "endColumn": 99,
                    "endOffset": 1664
                },
                "from": {
                    "file": "/Users/HoangNguyen/.android/build-cache/43f078533731f46c2275e5cdc867d969f067de91/output/res/values-zh-rTW/values-zh-rTW.xml",
                    "position": {
                        "startLine": 18,
                        "startColumn": 4,
                        "startOffset": 1569,
                        "endColumn": 99,
                        "endOffset": 1664
                    }
                }
            },
            {
                "to": {
                    "startLine": 19,
                    "startColumn": 4,
                    "startOffset": 1669,
                    "endColumn": 112,
                    "endOffset": 1777
                },
                "from": {
                    "file": "/Users/HoangNguyen/.android/build-cache/43f078533731f46c2275e5cdc867d969f067de91/output/res/values-zh-rTW/values-zh-rTW.xml",
                    "position": {
                        "startLine": 19,
                        "startColumn": 4,
                        "startOffset": 1669,
                        "endColumn": 112,
                        "endOffset": 1777
                    }
                }
            },
            {
                "to": {
                    "startLine": 20,
                    "startColumn": 4,
                    "startOffset": 1782,
                    "endColumn": 93,
                    "endOffset": 1871
                },
                "from": {
                    "file": "/Users/HoangNguyen/.android/build-cache/43f078533731f46c2275e5cdc867d969f067de91/output/res/values-zh-rTW/values-zh-rTW.xml",
                    "position": {
                        "startLine": 20,
                        "startColumn": 4,
                        "startOffset": 1782,
                        "endColumn": 93,
                        "endOffset": 1871
                    }
                }
            },
            {
                "to": {
                    "startLine": 21,
                    "startColumn": 4,
                    "startOffset": 1876,
                    "endColumn": 100,
                    "endOffset": 1972
                },
                "from": {
                    "file": "/Users/HoangNguyen/.android/build-cache/43f078533731f46c2275e5cdc867d969f067de91/output/res/values-zh-rTW/values-zh-rTW.xml",
                    "position": {
                        "startLine": 21,
                        "startColumn": 4,
                        "startOffset": 1876,
                        "endColumn": 100,
                        "endOffset": 1972
                    }
                }
            }
        ]
    }
]