[
    {
        "outputFile": "/Users/HoangNguyen/Library/Mobile Documents/com~apple~CloudDocs/A - AS/AmericanSTEM/app/build/intermediates/incremental/mergeDebugResources/merged.dir/values-es/values-es.xml",
        "map": [
            {
                "to": {
                    "startLine": 2,
                    "startColumn": 4,
                    "startOffset": 55,
                    "endColumn": 116,
                    "endOffset": 167
                },
                "from": {
                    "file": "/Users/HoangNguyen/.android/build-cache/43f078533731f46c2275e5cdc867d969f067de91/output/res/values-es/values-es.xml",
                    "position": {
                        "startLine": 2,
                        "startColumn": 4,
                        "startOffset": 55,
                        "endColumn": 116,
                        "endOffset": 167
                    }
                }
            },
            {
                "to": {
                    "startLine": 3,
                    "startColumn": 4,
                    "startOffset": 172,
                    "endColumn": 107,
                    "endOffset": 275
                },
                "from": {
                    "file": "/Users/HoangNguyen/.android/build-cache/43f078533731f46c2275e5cdc867d969f067de91/output/res/values-es/values-es.xml",
                    "position": {
                        "startLine": 3,
                        "startColumn": 4,
                        "startOffset": 172,
                        "endColumn": 107,
                        "endOffset": 275
                    }
                }
            },
            {
                "to": {
                    "startLine": 4,
                    "startColumn": 4,
                    "startOffset": 280,
                    "endColumn": 122,
                    "endOffset": 398
                },
                "from": {
                    "file": "/Users/HoangNguyen/.android/build-cache/43f078533731f46c2275e5cdc867d969f067de91/output/res/values-es/values-es.xml",
                    "position": {
                        "startLine": 4,
                        "startColumn": 4,
                        "startOffset": 280,
                        "endColumn": 122,
                        "endOffset": 398
                    }
                }
            },
            {
                "to": {
                    "startLine": 5,
                    "startColumn": 4,
                    "startOffset": 403,
                    "endColumn": 112,
                    "endOffset": 511
                },
                "from": {
                    "file": "/Users/HoangNguyen/.android/build-cache/43f078533731f46c2275e5cdc867d969f067de91/output/res/values-es/values-es.xml",
                    "position": {
                        "startLine": 5,
                        "startColumn": 4,
                        "startOffset": 403,
                        "endColumn": 112,
                        "endOffset": 511
                    }
                }
            },
            {
                "to": {
                    "startLine": 6,
                    "startColumn": 4,
                    "startOffset": 516,
                    "endColumn": 107,
                    "endOffset": 619
                },
                "from": {
                    "file": "/Users/HoangNguyen/.android/build-cache/43f078533731f46c2275e5cdc867d969f067de91/output/res/values-es/values-es.xml",
                    "position": {
                        "startLine": 6,
                        "startColumn": 4,
                        "startOffset": 516,
                        "endColumn": 107,
                        "endOffset": 619
                    }
                }
            },
            {
                "to": {
                    "startLine": 7,
                    "startColumn": 4,
                    "startOffset": 624,
                    "endColumn": 84,
                    "endOffset": 704
                },
                "from": {
                    "file": "/Users/HoangNguyen/.android/build-cache/43f078533731f46c2275e5cdc867d969f067de91/output/res/values-es/values-es.xml",
                    "position": {
                        "startLine": 7,
                        "startColumn": 4,
                        "startOffset": 624,
                        "endColumn": 84,
                        "endOffset": 704
                    }
                }
            },
            {
                "to": {
                    "startLine": 8,
                    "startColumn": 4,
                    "startOffset": 709,
                    "endColumn": 100,
                    "endOffset": 805
                },
                "from": {
                    "file": "/Users/HoangNguyen/.android/build-cache/43f078533731f46c2275e5cdc867d969f067de91/output/res/values-es/values-es.xml",
                    "position": {
                        "startLine": 8,
                        "startColumn": 4,
                        "startOffset": 709,
                        "endColumn": 100,
                        "endOffset": 805
                    }
                }
            },
            {
                "to": {
                    "startLine": 9,
                    "startColumn": 4,
                    "startOffset": 810,
                    "endColumn": 127,
                    "endOffset": 933
                },
                "from": {
                    "file": "/Users/HoangNguyen/.android/build-cache/43f078533731f46c2275e5cdc867d969f067de91/output/res/values-es/values-es.xml",
                    "position": {
                        "startLine": 9,
                        "startColumn": 4,
                        "startOffset": 810,
                        "endColumn": 127,
                        "endOffset": 933
                    }
                }
            },
            {
                "to": {
                    "startLine": 10,
                    "startColumn": 4,
                    "startOffset": 938,
                    "endColumn": 75,
                    "endOffset": 1009
                },
                "from": {
                    "file": "/Users/HoangNguyen/.android/build-cache/43f078533731f46c2275e5cdc867d969f067de91/output/res/values-es/values-es.xml",
                    "position": {
                        "startLine": 10,
                        "startColumn": 4,
                        "startOffset": 938,
                        "endColumn": 75,
                        "endOffset": 1009
                    }
                }
            },
            {
                "to": {
                    "startLine": 11,
                    "startColumn": 4,
                    "startOffset": 1014,
                    "endColumn": 75,
                    "endOffset": 1085
                },
                "from": {
                    "file": "/Users/HoangNguyen/.android/build-cache/43f078533731f46c2275e5cdc867d969f067de91/output/res/values-es/values-es.xml",
                    "position": {
                        "startLine": 11,
                        "startColumn": 4,
                        "startOffset": 1014,
                        "endColumn": 75,
                        "endOffset": 1085
                    }
                }
            },
            {
                "to": {
                    "startLine": 12,
                    "startColumn": 4,
                    "startOffset": 1090,
                    "endColumn": 81,
                    "endOffset": 1167
                },
                "from": {
                    "file": "/Users/HoangNguyen/.android/build-cache/43f078533731f46c2275e5cdc867d969f067de91/output/res/values-es/values-es.xml",
                    "position": {
                        "startLine": 12,
                        "startColumn": 4,
                        "startOffset": 1090,
                        "endColumn": 81,
                        "endOffset": 1167
                    }
                }
            },
            {
                "to": {
                    "startLine": 13,
                    "startColumn": 4,
                    "startOffset": 1172,
                    "endColumn": 106,
                    "endOffset": 1274
                },
                "from": {
                    "file": "/Users/HoangNguyen/.android/build-cache/43f078533731f46c2275e5cdc867d969f067de91/output/res/values-es/values-es.xml",
                    "position": {
                        "startLine": 13,
                        "startColumn": 4,
                        "startOffset": 1172,
                        "endColumn": 106,
                        "endOffset": 1274
                    }
                }
            },
            {
                "to": {
                    "startLine": 14,
                    "startColumn": 4,
                    "startOffset": 1279,
                    "endColumn": 99,
                    "endOffset": 1374
                },
                "from": {
                    "file": "/Users/HoangNguyen/.android/build-cache/43f078533731f46c2275e5cdc867d969f067de91/output/res/values-es/values-es.xml",
                    "position": {
                        "startLine": 14,
                        "startColumn": 4,
                        "startOffset": 1279,
                        "endColumn": 99,
                        "endOffset": 1374
                    }
                }
            },
            {
                "to": {
                    "startLine": 15,
                    "startColumn": 4,
                    "startOffset": 1379,
                    "endColumn": 98,
                    "endOffset": 1473
                },
                "from": {
                    "file": "/Users/HoangNguyen/.android/build-cache/43f078533731f46c2275e5cdc867d969f067de91/output/res/values-es/values-es.xml",
                    "position": {
                        "startLine": 15,
                        "startColumn": 4,
                        "startOffset": 1379,
                        "endColumn": 98,
                        "endOffset": 1473
                    }
                }
            },
            {
                "to": {
                    "startLine": 16,
                    "startColumn": 4,
                    "startOffset": 1478,
                    "endColumn": 107,
                    "endOffset": 1581
                },
                "from": {
                    "file": "/Users/HoangNguyen/.android/build-cache/43f078533731f46c2275e5cdc867d969f067de91/output/res/values-es/values-es.xml",
                    "position": {
                        "startLine": 16,
                        "startColumn": 4,
                        "startOffset": 1478,
                        "endColumn": 107,
                        "endOffset": 1581
                    }
                }
            },
            {
                "to": {
                    "startLine": 17,
                    "startColumn": 4,
                    "startOffset": 1586,
                    "endColumn": 106,
                    "endOffset": 1688
                },
                "from": {
                    "file": "/Users/HoangNguyen/.android/build-cache/43f078533731f46c2275e5cdc867d969f067de91/output/res/values-es/values-es.xml",
                    "position": {
                        "startLine": 17,
                        "startColumn": 4,
                        "startOffset": 1586,
                        "endColumn": 106,
                        "endOffset": 1688
                    }
                }
            },
            {
                "to": {
                    "startLine": 18,
                    "startColumn": 4,
                    "startOffset": 1693,
                    "endColumn": 106,
                    "endOffset": 1795
                },
                "from": {
                    "file": "/Users/HoangNguyen/.android/build-cache/43f078533731f46c2275e5cdc867d969f067de91/output/res/values-es/values-es.xml",
                    "position": {
                        "startLine": 18,
                        "startColumn": 4,
                        "startOffset": 1693,
                        "endColumn": 106,
                        "endOffset": 1795
                    }
                }
            },
            {
                "to": {
                    "startLine": 19,
                    "startColumn": 4,
                    "startOffset": 1800,
                    "endColumn": 121,
                    "endOffset": 1917
                },
                "from": {
                    "file": "/Users/HoangNguyen/.android/build-cache/43f078533731f46c2275e5cdc867d969f067de91/output/res/values-es/values-es.xml",
                    "position": {
                        "startLine": 19,
                        "startColumn": 4,
                        "startOffset": 1800,
                        "endColumn": 121,
                        "endOffset": 1917
                    }
                }
            },
            {
                "to": {
                    "startLine": 20,
                    "startColumn": 4,
                    "startOffset": 1922,
                    "endColumn": 99,
                    "endOffset": 2017
                },
                "from": {
                    "file": "/Users/HoangNguyen/.android/build-cache/43f078533731f46c2275e5cdc867d969f067de91/output/res/values-es/values-es.xml",
                    "position": {
                        "startLine": 20,
                        "startColumn": 4,
                        "startOffset": 1922,
                        "endColumn": 99,
                        "endOffset": 2017
                    }
                }
            },
            {
                "to": {
                    "startLine": 21,
                    "startColumn": 4,
                    "startOffset": 2022,
                    "endColumn": 100,
                    "endOffset": 2118
                },
                "from": {
                    "file": "/Users/HoangNguyen/.android/build-cache/43f078533731f46c2275e5cdc867d969f067de91/output/res/values-es/values-es.xml",
                    "position": {
                        "startLine": 21,
                        "startColumn": 4,
                        "startOffset": 2022,
                        "endColumn": 100,
                        "endOffset": 2118
                    }
                }
            }
        ]
    },
    {
        "outputFile": "/Users/HoangNguyen/Library/Mobile Documents/com~apple~CloudDocs/A - AS/AmericanSTEM/C:\\Users\\HoangNguyen\\Desktop\\AmericanSTEM\\app\\build\\intermediates\\incremental\\mergeDebugResources\\merged.dir\\values-es\\values-es.xml",
        "map": [
            {
                "to": {
                    "startLine": 2,
                    "startColumn": 4,
                    "startOffset": 55,
                    "endColumn": 116,
                    "endOffset": 167
                },
                "from": {
                    "file": "/Users/HoangNguyen/Library/Mobile Documents/com~apple~CloudDocs/A - AS/AmericanSTEM/C:\\Users\\HoangNguyen\\.android\\build-cache\\43f078533731f46c2275e5cdc867d969f067de91\\output\\res\\values-es\\values-es.xml",
                    "position": {
                        "startLine": 2,
                        "startColumn": 4,
                        "startOffset": 55,
                        "endColumn": 116,
                        "endOffset": 167
                    }
                }
            },
            {
                "to": {
                    "startLine": 3,
                    "startColumn": 4,
                    "startOffset": 172,
                    "endColumn": 107,
                    "endOffset": 275
                },
                "from": {
                    "file": "/Users/HoangNguyen/Library/Mobile Documents/com~apple~CloudDocs/A - AS/AmericanSTEM/C:\\Users\\HoangNguyen\\.android\\build-cache\\43f078533731f46c2275e5cdc867d969f067de91\\output\\res\\values-es\\values-es.xml",
                    "position": {
                        "startLine": 3,
                        "startColumn": 4,
                        "startOffset": 172,
                        "endColumn": 107,
                        "endOffset": 275
                    }
                }
            },
            {
                "to": {
                    "startLine": 4,
                    "startColumn": 4,
                    "startOffset": 280,
                    "endColumn": 122,
                    "endOffset": 398
                },
                "from": {
                    "file": "/Users/HoangNguyen/Library/Mobile Documents/com~apple~CloudDocs/A - AS/AmericanSTEM/C:\\Users\\HoangNguyen\\.android\\build-cache\\43f078533731f46c2275e5cdc867d969f067de91\\output\\res\\values-es\\values-es.xml",
                    "position": {
                        "startLine": 4,
                        "startColumn": 4,
                        "startOffset": 280,
                        "endColumn": 122,
                        "endOffset": 398
                    }
                }
            },
            {
                "to": {
                    "startLine": 5,
                    "startColumn": 4,
                    "startOffset": 403,
                    "endColumn": 112,
                    "endOffset": 511
                },
                "from": {
                    "file": "/Users/HoangNguyen/Library/Mobile Documents/com~apple~CloudDocs/A - AS/AmericanSTEM/C:\\Users\\HoangNguyen\\.android\\build-cache\\43f078533731f46c2275e5cdc867d969f067de91\\output\\res\\values-es\\values-es.xml",
                    "position": {
                        "startLine": 5,
                        "startColumn": 4,
                        "startOffset": 403,
                        "endColumn": 112,
                        "endOffset": 511
                    }
                }
            },
            {
                "to": {
                    "startLine": 6,
                    "startColumn": 4,
                    "startOffset": 516,
                    "endColumn": 107,
                    "endOffset": 619
                },
                "from": {
                    "file": "/Users/HoangNguyen/Library/Mobile Documents/com~apple~CloudDocs/A - AS/AmericanSTEM/C:\\Users\\HoangNguyen\\.android\\build-cache\\43f078533731f46c2275e5cdc867d969f067de91\\output\\res\\values-es\\values-es.xml",
                    "position": {
                        "startLine": 6,
                        "startColumn": 4,
                        "startOffset": 516,
                        "endColumn": 107,
                        "endOffset": 619
                    }
                }
            },
            {
                "to": {
                    "startLine": 7,
                    "startColumn": 4,
                    "startOffset": 624,
                    "endColumn": 84,
                    "endOffset": 704
                },
                "from": {
                    "file": "/Users/HoangNguyen/Library/Mobile Documents/com~apple~CloudDocs/A - AS/AmericanSTEM/C:\\Users\\HoangNguyen\\.android\\build-cache\\43f078533731f46c2275e5cdc867d969f067de91\\output\\res\\values-es\\values-es.xml",
                    "position": {
                        "startLine": 7,
                        "startColumn": 4,
                        "startOffset": 624,
                        "endColumn": 84,
                        "endOffset": 704
                    }
                }
            },
            {
                "to": {
                    "startLine": 8,
                    "startColumn": 4,
                    "startOffset": 709,
                    "endColumn": 100,
                    "endOffset": 805
                },
                "from": {
                    "file": "/Users/HoangNguyen/Library/Mobile Documents/com~apple~CloudDocs/A - AS/AmericanSTEM/C:\\Users\\HoangNguyen\\.android\\build-cache\\43f078533731f46c2275e5cdc867d969f067de91\\output\\res\\values-es\\values-es.xml",
                    "position": {
                        "startLine": 8,
                        "startColumn": 4,
                        "startOffset": 709,
                        "endColumn": 100,
                        "endOffset": 805
                    }
                }
            },
            {
                "to": {
                    "startLine": 9,
                    "startColumn": 4,
                    "startOffset": 810,
                    "endColumn": 127,
                    "endOffset": 933
                },
                "from": {
                    "file": "/Users/HoangNguyen/Library/Mobile Documents/com~apple~CloudDocs/A - AS/AmericanSTEM/C:\\Users\\HoangNguyen\\.android\\build-cache\\43f078533731f46c2275e5cdc867d969f067de91\\output\\res\\values-es\\values-es.xml",
                    "position": {
                        "startLine": 9,
                        "startColumn": 4,
                        "startOffset": 810,
                        "endColumn": 127,
                        "endOffset": 933
                    }
                }
            },
            {
                "to": {
                    "startLine": 10,
                    "startColumn": 4,
                    "startOffset": 938,
                    "endColumn": 75,
                    "endOffset": 1009
                },
                "from": {
                    "file": "/Users/HoangNguyen/Library/Mobile Documents/com~apple~CloudDocs/A - AS/AmericanSTEM/C:\\Users\\HoangNguyen\\.android\\build-cache\\43f078533731f46c2275e5cdc867d969f067de91\\output\\res\\values-es\\values-es.xml",
                    "position": {
                        "startLine": 10,
                        "startColumn": 4,
                        "startOffset": 938,
                        "endColumn": 75,
                        "endOffset": 1009
                    }
                }
            },
            {
                "to": {
                    "startLine": 11,
                    "startColumn": 4,
                    "startOffset": 1014,
                    "endColumn": 75,
                    "endOffset": 1085
                },
                "from": {
                    "file": "/Users/HoangNguyen/Library/Mobile Documents/com~apple~CloudDocs/A - AS/AmericanSTEM/C:\\Users\\HoangNguyen\\.android\\build-cache\\43f078533731f46c2275e5cdc867d969f067de91\\output\\res\\values-es\\values-es.xml",
                    "position": {
                        "startLine": 11,
                        "startColumn": 4,
                        "startOffset": 1014,
                        "endColumn": 75,
                        "endOffset": 1085
                    }
                }
            },
            {
                "to": {
                    "startLine": 12,
                    "startColumn": 4,
                    "startOffset": 1090,
                    "endColumn": 81,
                    "endOffset": 1167
                },
                "from": {
                    "file": "/Users/HoangNguyen/Library/Mobile Documents/com~apple~CloudDocs/A - AS/AmericanSTEM/C:\\Users\\HoangNguyen\\.android\\build-cache\\43f078533731f46c2275e5cdc867d969f067de91\\output\\res\\values-es\\values-es.xml",
                    "position": {
                        "startLine": 12,
                        "startColumn": 4,
                        "startOffset": 1090,
                        "endColumn": 81,
                        "endOffset": 1167
                    }
                }
            },
            {
                "to": {
                    "startLine": 13,
                    "startColumn": 4,
                    "startOffset": 1172,
                    "endColumn": 106,
                    "endOffset": 1274
                },
                "from": {
                    "file": "/Users/HoangNguyen/Library/Mobile Documents/com~apple~CloudDocs/A - AS/AmericanSTEM/C:\\Users\\HoangNguyen\\.android\\build-cache\\43f078533731f46c2275e5cdc867d969f067de91\\output\\res\\values-es\\values-es.xml",
                    "position": {
                        "startLine": 13,
                        "startColumn": 4,
                        "startOffset": 1172,
                        "endColumn": 106,
                        "endOffset": 1274
                    }
                }
            },
            {
                "to": {
                    "startLine": 14,
                    "startColumn": 4,
                    "startOffset": 1279,
                    "endColumn": 99,
                    "endOffset": 1374
                },
                "from": {
                    "file": "/Users/HoangNguyen/Library/Mobile Documents/com~apple~CloudDocs/A - AS/AmericanSTEM/C:\\Users\\HoangNguyen\\.android\\build-cache\\43f078533731f46c2275e5cdc867d969f067de91\\output\\res\\values-es\\values-es.xml",
                    "position": {
                        "startLine": 14,
                        "startColumn": 4,
                        "startOffset": 1279,
                        "endColumn": 99,
                        "endOffset": 1374
                    }
                }
            },
            {
                "to": {
                    "startLine": 15,
                    "startColumn": 4,
                    "startOffset": 1379,
                    "endColumn": 98,
                    "endOffset": 1473
                },
                "from": {
                    "file": "/Users/HoangNguyen/Library/Mobile Documents/com~apple~CloudDocs/A - AS/AmericanSTEM/C:\\Users\\HoangNguyen\\.android\\build-cache\\43f078533731f46c2275e5cdc867d969f067de91\\output\\res\\values-es\\values-es.xml",
                    "position": {
                        "startLine": 15,
                        "startColumn": 4,
                        "startOffset": 1379,
                        "endColumn": 98,
                        "endOffset": 1473
                    }
                }
            },
            {
                "to": {
                    "startLine": 16,
                    "startColumn": 4,
                    "startOffset": 1478,
                    "endColumn": 107,
                    "endOffset": 1581
                },
                "from": {
                    "file": "/Users/HoangNguyen/Library/Mobile Documents/com~apple~CloudDocs/A - AS/AmericanSTEM/C:\\Users\\HoangNguyen\\.android\\build-cache\\43f078533731f46c2275e5cdc867d969f067de91\\output\\res\\values-es\\values-es.xml",
                    "position": {
                        "startLine": 16,
                        "startColumn": 4,
                        "startOffset": 1478,
                        "endColumn": 107,
                        "endOffset": 1581
                    }
                }
            },
            {
                "to": {
                    "startLine": 17,
                    "startColumn": 4,
                    "startOffset": 1586,
                    "endColumn": 106,
                    "endOffset": 1688
                },
                "from": {
                    "file": "/Users/HoangNguyen/Library/Mobile Documents/com~apple~CloudDocs/A - AS/AmericanSTEM/C:\\Users\\HoangNguyen\\.android\\build-cache\\43f078533731f46c2275e5cdc867d969f067de91\\output\\res\\values-es\\values-es.xml",
                    "position": {
                        "startLine": 17,
                        "startColumn": 4,
                        "startOffset": 1586,
                        "endColumn": 106,
                        "endOffset": 1688
                    }
                }
            },
            {
                "to": {
                    "startLine": 18,
                    "startColumn": 4,
                    "startOffset": 1693,
                    "endColumn": 106,
                    "endOffset": 1795
                },
                "from": {
                    "file": "/Users/HoangNguyen/Library/Mobile Documents/com~apple~CloudDocs/A - AS/AmericanSTEM/C:\\Users\\HoangNguyen\\.android\\build-cache\\43f078533731f46c2275e5cdc867d969f067de91\\output\\res\\values-es\\values-es.xml",
                    "position": {
                        "startLine": 18,
                        "startColumn": 4,
                        "startOffset": 1693,
                        "endColumn": 106,
                        "endOffset": 1795
                    }
                }
            },
            {
                "to": {
                    "startLine": 19,
                    "startColumn": 4,
                    "startOffset": 1800,
                    "endColumn": 121,
                    "endOffset": 1917
                },
                "from": {
                    "file": "/Users/HoangNguyen/Library/Mobile Documents/com~apple~CloudDocs/A - AS/AmericanSTEM/C:\\Users\\HoangNguyen\\.android\\build-cache\\43f078533731f46c2275e5cdc867d969f067de91\\output\\res\\values-es\\values-es.xml",
                    "position": {
                        "startLine": 19,
                        "startColumn": 4,
                        "startOffset": 1800,
                        "endColumn": 121,
                        "endOffset": 1917
                    }
                }
            },
            {
                "to": {
                    "startLine": 20,
                    "startColumn": 4,
                    "startOffset": 1922,
                    "endColumn": 99,
                    "endOffset": 2017
                },
                "from": {
                    "file": "/Users/HoangNguyen/Library/Mobile Documents/com~apple~CloudDocs/A - AS/AmericanSTEM/C:\\Users\\HoangNguyen\\.android\\build-cache\\43f078533731f46c2275e5cdc867d969f067de91\\output\\res\\values-es\\values-es.xml",
                    "position": {
                        "startLine": 20,
                        "startColumn": 4,
                        "startOffset": 1922,
                        "endColumn": 99,
                        "endOffset": 2017
                    }
                }
            },
            {
                "to": {
                    "startLine": 21,
                    "startColumn": 4,
                    "startOffset": 2022,
                    "endColumn": 100,
                    "endOffset": 2118
                },
                "from": {
                    "file": "/Users/HoangNguyen/Library/Mobile Documents/com~apple~CloudDocs/A - AS/AmericanSTEM/C:\\Users\\HoangNguyen\\.android\\build-cache\\43f078533731f46c2275e5cdc867d969f067de91\\output\\res\\values-es\\values-es.xml",
                    "position": {
                        "startLine": 21,
                        "startColumn": 4,
                        "startOffset": 2022,
                        "endColumn": 100,
                        "endOffset": 2118
                    }
                }
            }
        ]
    },
    {
        "outputFile": "/Users/HoangNguyen/Library/Mobile Documents/com~apple~CloudDocs/A - AS/AmericanSTEM/C:\\Users\\Hoang Nguyen\\iCloudDrive\\A - AS\\AmericanSTEM\\app\\build\\intermediates\\incremental\\mergeDebugResources\\merged.dir\\values-es\\values-es.xml",
        "map": [
            {
                "to": {
                    "startLine": 2,
                    "startColumn": 4,
                    "startOffset": 55,
                    "endColumn": 116,
                    "endOffset": 167
                },
                "from": {
                    "file": "/Users/HoangNguyen/Library/Mobile Documents/com~apple~CloudDocs/A - AS/AmericanSTEM/C:\\Users\\Hoang Nguyen\\.android\\build-cache\\5bb72b998dfd92d1f1290e1783b2f3fadf293585\\output\\res\\values-es\\values-es.xml",
                    "position": {
                        "startLine": 2,
                        "startColumn": 4,
                        "startOffset": 55,
                        "endColumn": 116,
                        "endOffset": 167
                    }
                }
            },
            {
                "to": {
                    "startLine": 3,
                    "startColumn": 4,
                    "startOffset": 172,
                    "endColumn": 107,
                    "endOffset": 275
                },
                "from": {
                    "file": "/Users/HoangNguyen/Library/Mobile Documents/com~apple~CloudDocs/A - AS/AmericanSTEM/C:\\Users\\Hoang Nguyen\\.android\\build-cache\\5bb72b998dfd92d1f1290e1783b2f3fadf293585\\output\\res\\values-es\\values-es.xml",
                    "position": {
                        "startLine": 3,
                        "startColumn": 4,
                        "startOffset": 172,
                        "endColumn": 107,
                        "endOffset": 275
                    }
                }
            },
            {
                "to": {
                    "startLine": 4,
                    "startColumn": 4,
                    "startOffset": 280,
                    "endColumn": 122,
                    "endOffset": 398
                },
                "from": {
                    "file": "/Users/HoangNguyen/Library/Mobile Documents/com~apple~CloudDocs/A - AS/AmericanSTEM/C:\\Users\\Hoang Nguyen\\.android\\build-cache\\5bb72b998dfd92d1f1290e1783b2f3fadf293585\\output\\res\\values-es\\values-es.xml",
                    "position": {
                        "startLine": 4,
                        "startColumn": 4,
                        "startOffset": 280,
                        "endColumn": 122,
                        "endOffset": 398
                    }
                }
            },
            {
                "to": {
                    "startLine": 5,
                    "startColumn": 4,
                    "startOffset": 403,
                    "endColumn": 112,
                    "endOffset": 511
                },
                "from": {
                    "file": "/Users/HoangNguyen/Library/Mobile Documents/com~apple~CloudDocs/A - AS/AmericanSTEM/C:\\Users\\Hoang Nguyen\\.android\\build-cache\\5bb72b998dfd92d1f1290e1783b2f3fadf293585\\output\\res\\values-es\\values-es.xml",
                    "position": {
                        "startLine": 5,
                        "startColumn": 4,
                        "startOffset": 403,
                        "endColumn": 112,
                        "endOffset": 511
                    }
                }
            },
            {
                "to": {
                    "startLine": 6,
                    "startColumn": 4,
                    "startOffset": 516,
                    "endColumn": 107,
                    "endOffset": 619
                },
                "from": {
                    "file": "/Users/HoangNguyen/Library/Mobile Documents/com~apple~CloudDocs/A - AS/AmericanSTEM/C:\\Users\\Hoang Nguyen\\.android\\build-cache\\5bb72b998dfd92d1f1290e1783b2f3fadf293585\\output\\res\\values-es\\values-es.xml",
                    "position": {
                        "startLine": 6,
                        "startColumn": 4,
                        "startOffset": 516,
                        "endColumn": 107,
                        "endOffset": 619
                    }
                }
            },
            {
                "to": {
                    "startLine": 7,
                    "startColumn": 4,
                    "startOffset": 624,
                    "endColumn": 84,
                    "endOffset": 704
                },
                "from": {
                    "file": "/Users/HoangNguyen/Library/Mobile Documents/com~apple~CloudDocs/A - AS/AmericanSTEM/C:\\Users\\Hoang Nguyen\\.android\\build-cache\\5bb72b998dfd92d1f1290e1783b2f3fadf293585\\output\\res\\values-es\\values-es.xml",
                    "position": {
                        "startLine": 7,
                        "startColumn": 4,
                        "startOffset": 624,
                        "endColumn": 84,
                        "endOffset": 704
                    }
                }
            },
            {
                "to": {
                    "startLine": 8,
                    "startColumn": 4,
                    "startOffset": 709,
                    "endColumn": 100,
                    "endOffset": 805
                },
                "from": {
                    "file": "/Users/HoangNguyen/Library/Mobile Documents/com~apple~CloudDocs/A - AS/AmericanSTEM/C:\\Users\\Hoang Nguyen\\.android\\build-cache\\5bb72b998dfd92d1f1290e1783b2f3fadf293585\\output\\res\\values-es\\values-es.xml",
                    "position": {
                        "startLine": 8,
                        "startColumn": 4,
                        "startOffset": 709,
                        "endColumn": 100,
                        "endOffset": 805
                    }
                }
            },
            {
                "to": {
                    "startLine": 9,
                    "startColumn": 4,
                    "startOffset": 810,
                    "endColumn": 127,
                    "endOffset": 933
                },
                "from": {
                    "file": "/Users/HoangNguyen/Library/Mobile Documents/com~apple~CloudDocs/A - AS/AmericanSTEM/C:\\Users\\Hoang Nguyen\\.android\\build-cache\\5bb72b998dfd92d1f1290e1783b2f3fadf293585\\output\\res\\values-es\\values-es.xml",
                    "position": {
                        "startLine": 9,
                        "startColumn": 4,
                        "startOffset": 810,
                        "endColumn": 127,
                        "endOffset": 933
                    }
                }
            },
            {
                "to": {
                    "startLine": 10,
                    "startColumn": 4,
                    "startOffset": 938,
                    "endColumn": 75,
                    "endOffset": 1009
                },
                "from": {
                    "file": "/Users/HoangNguyen/Library/Mobile Documents/com~apple~CloudDocs/A - AS/AmericanSTEM/C:\\Users\\Hoang Nguyen\\.android\\build-cache\\5bb72b998dfd92d1f1290e1783b2f3fadf293585\\output\\res\\values-es\\values-es.xml",
                    "position": {
                        "startLine": 10,
                        "startColumn": 4,
                        "startOffset": 938,
                        "endColumn": 75,
                        "endOffset": 1009
                    }
                }
            },
            {
                "to": {
                    "startLine": 11,
                    "startColumn": 4,
                    "startOffset": 1014,
                    "endColumn": 75,
                    "endOffset": 1085
                },
                "from": {
                    "file": "/Users/HoangNguyen/Library/Mobile Documents/com~apple~CloudDocs/A - AS/AmericanSTEM/C:\\Users\\Hoang Nguyen\\.android\\build-cache\\5bb72b998dfd92d1f1290e1783b2f3fadf293585\\output\\res\\values-es\\values-es.xml",
                    "position": {
                        "startLine": 11,
                        "startColumn": 4,
                        "startOffset": 1014,
                        "endColumn": 75,
                        "endOffset": 1085
                    }
                }
            },
            {
                "to": {
                    "startLine": 12,
                    "startColumn": 4,
                    "startOffset": 1090,
                    "endColumn": 81,
                    "endOffset": 1167
                },
                "from": {
                    "file": "/Users/HoangNguyen/Library/Mobile Documents/com~apple~CloudDocs/A - AS/AmericanSTEM/C:\\Users\\Hoang Nguyen\\.android\\build-cache\\5bb72b998dfd92d1f1290e1783b2f3fadf293585\\output\\res\\values-es\\values-es.xml",
                    "position": {
                        "startLine": 12,
                        "startColumn": 4,
                        "startOffset": 1090,
                        "endColumn": 81,
                        "endOffset": 1167
                    }
                }
            },
            {
                "to": {
                    "startLine": 13,
                    "startColumn": 4,
                    "startOffset": 1172,
                    "endColumn": 106,
                    "endOffset": 1274
                },
                "from": {
                    "file": "/Users/HoangNguyen/Library/Mobile Documents/com~apple~CloudDocs/A - AS/AmericanSTEM/C:\\Users\\Hoang Nguyen\\.android\\build-cache\\5bb72b998dfd92d1f1290e1783b2f3fadf293585\\output\\res\\values-es\\values-es.xml",
                    "position": {
                        "startLine": 13,
                        "startColumn": 4,
                        "startOffset": 1172,
                        "endColumn": 106,
                        "endOffset": 1274
                    }
                }
            },
            {
                "to": {
                    "startLine": 14,
                    "startColumn": 4,
                    "startOffset": 1279,
                    "endColumn": 99,
                    "endOffset": 1374
                },
                "from": {
                    "file": "/Users/HoangNguyen/Library/Mobile Documents/com~apple~CloudDocs/A - AS/AmericanSTEM/C:\\Users\\Hoang Nguyen\\.android\\build-cache\\5bb72b998dfd92d1f1290e1783b2f3fadf293585\\output\\res\\values-es\\values-es.xml",
                    "position": {
                        "startLine": 14,
                        "startColumn": 4,
                        "startOffset": 1279,
                        "endColumn": 99,
                        "endOffset": 1374
                    }
                }
            },
            {
                "to": {
                    "startLine": 15,
                    "startColumn": 4,
                    "startOffset": 1379,
                    "endColumn": 98,
                    "endOffset": 1473
                },
                "from": {
                    "file": "/Users/HoangNguyen/Library/Mobile Documents/com~apple~CloudDocs/A - AS/AmericanSTEM/C:\\Users\\Hoang Nguyen\\.android\\build-cache\\5bb72b998dfd92d1f1290e1783b2f3fadf293585\\output\\res\\values-es\\values-es.xml",
                    "position": {
                        "startLine": 15,
                        "startColumn": 4,
                        "startOffset": 1379,
                        "endColumn": 98,
                        "endOffset": 1473
                    }
                }
            },
            {
                "to": {
                    "startLine": 16,
                    "startColumn": 4,
                    "startOffset": 1478,
                    "endColumn": 107,
                    "endOffset": 1581
                },
                "from": {
                    "file": "/Users/HoangNguyen/Library/Mobile Documents/com~apple~CloudDocs/A - AS/AmericanSTEM/C:\\Users\\Hoang Nguyen\\.android\\build-cache\\5bb72b998dfd92d1f1290e1783b2f3fadf293585\\output\\res\\values-es\\values-es.xml",
                    "position": {
                        "startLine": 16,
                        "startColumn": 4,
                        "startOffset": 1478,
                        "endColumn": 107,
                        "endOffset": 1581
                    }
                }
            },
            {
                "to": {
                    "startLine": 17,
                    "startColumn": 4,
                    "startOffset": 1586,
                    "endColumn": 106,
                    "endOffset": 1688
                },
                "from": {
                    "file": "/Users/HoangNguyen/Library/Mobile Documents/com~apple~CloudDocs/A - AS/AmericanSTEM/C:\\Users\\Hoang Nguyen\\.android\\build-cache\\5bb72b998dfd92d1f1290e1783b2f3fadf293585\\output\\res\\values-es\\values-es.xml",
                    "position": {
                        "startLine": 17,
                        "startColumn": 4,
                        "startOffset": 1586,
                        "endColumn": 106,
                        "endOffset": 1688
                    }
                }
            },
            {
                "to": {
                    "startLine": 18,
                    "startColumn": 4,
                    "startOffset": 1693,
                    "endColumn": 106,
                    "endOffset": 1795
                },
                "from": {
                    "file": "/Users/HoangNguyen/Library/Mobile Documents/com~apple~CloudDocs/A - AS/AmericanSTEM/C:\\Users\\Hoang Nguyen\\.android\\build-cache\\5bb72b998dfd92d1f1290e1783b2f3fadf293585\\output\\res\\values-es\\values-es.xml",
                    "position": {
                        "startLine": 18,
                        "startColumn": 4,
                        "startOffset": 1693,
                        "endColumn": 106,
                        "endOffset": 1795
                    }
                }
            },
            {
                "to": {
                    "startLine": 19,
                    "startColumn": 4,
                    "startOffset": 1800,
                    "endColumn": 121,
                    "endOffset": 1917
                },
                "from": {
                    "file": "/Users/HoangNguyen/Library/Mobile Documents/com~apple~CloudDocs/A - AS/AmericanSTEM/C:\\Users\\Hoang Nguyen\\.android\\build-cache\\5bb72b998dfd92d1f1290e1783b2f3fadf293585\\output\\res\\values-es\\values-es.xml",
                    "position": {
                        "startLine": 19,
                        "startColumn": 4,
                        "startOffset": 1800,
                        "endColumn": 121,
                        "endOffset": 1917
                    }
                }
            },
            {
                "to": {
                    "startLine": 20,
                    "startColumn": 4,
                    "startOffset": 1922,
                    "endColumn": 99,
                    "endOffset": 2017
                },
                "from": {
                    "file": "/Users/HoangNguyen/Library/Mobile Documents/com~apple~CloudDocs/A - AS/AmericanSTEM/C:\\Users\\Hoang Nguyen\\.android\\build-cache\\5bb72b998dfd92d1f1290e1783b2f3fadf293585\\output\\res\\values-es\\values-es.xml",
                    "position": {
                        "startLine": 20,
                        "startColumn": 4,
                        "startOffset": 1922,
                        "endColumn": 99,
                        "endOffset": 2017
                    }
                }
            },
            {
                "to": {
                    "startLine": 21,
                    "startColumn": 4,
                    "startOffset": 2022,
                    "endColumn": 100,
                    "endOffset": 2118
                },
                "from": {
                    "file": "/Users/HoangNguyen/Library/Mobile Documents/com~apple~CloudDocs/A - AS/AmericanSTEM/C:\\Users\\Hoang Nguyen\\.android\\build-cache\\5bb72b998dfd92d1f1290e1783b2f3fadf293585\\output\\res\\values-es\\values-es.xml",
                    "position": {
                        "startLine": 21,
                        "startColumn": 4,
                        "startOffset": 2022,
                        "endColumn": 100,
                        "endOffset": 2118
                    }
                }
            }
        ]
    }
]