[
    {
        "outputFile": "/Users/HoangNguyen/Library/Mobile Documents/com~apple~CloudDocs/A - AS/AmericanSTEM/C:\\Users\\Hoang Nguyen\\iCloudDrive\\A - AS\\AmericanSTEM\\app\\build\\intermediates\\incremental\\mergeDebugResources\\merged.dir\\values-h320dp-v13\\values-h320dp-v13.xml",
        "map": [
            {
                "to": {
                    "startLine": 2,
                    "startColumn": 4,
                    "startOffset": 55,
                    "endColumn": 57,
                    "endOffset": 108
                },
                "from": {
                    "file": "/Users/HoangNguyen/Library/Mobile Documents/com~apple~CloudDocs/A - AS/AmericanSTEM/C:\\Users\\Hoang Nguyen\\.android\\build-cache\\5bb72b998dfd92d1f1290e1783b2f3fadf293585\\output\\res\\values-h320dp-v13\\values-h320dp-v13.xml",
                    "position": {
                        "startLine": 2,
                        "startColumn": 4,
                        "startOffset": 55,
                        "endColumn": 57,
                        "endOffset": 108
                    }
                }
            }
        ]
    },
    {
        "outputFile": "/Users/HoangNguyen/Library/Mobile Documents/com~apple~CloudDocs/A - AS/AmericanSTEM/C:\\Users\\HoangNguyen\\Desktop\\AmericanSTEM\\app\\build\\intermediates\\incremental\\mergeDebugResources\\merged.dir\\values-h320dp-v13\\values-h320dp-v13.xml",
        "map": [
            {
                "to": {
                    "startLine": 2,
                    "startColumn": 4,
                    "startOffset": 55,
                    "endColumn": 57,
                    "endOffset": 108
                },
                "from": {
                    "file": "/Users/HoangNguyen/Library/Mobile Documents/com~apple~CloudDocs/A - AS/AmericanSTEM/C:\\Users\\HoangNguyen\\.android\\build-cache\\43f078533731f46c2275e5cdc867d969f067de91\\output\\res\\values-h320dp-v13\\values-h320dp-v13.xml",
                    "position": {
                        "startLine": 2,
                        "startColumn": 4,
                        "startOffset": 55,
                        "endColumn": 57,
                        "endOffset": 108
                    }
                }
            }
        ]
    },
    {
        "outputFile": "/Users/HoangNguyen/Library/Mobile Documents/com~apple~CloudDocs/A - AS/AmericanSTEM/app/build/intermediates/incremental/mergeDebugResources/merged.dir/values-h320dp-v13/values-h320dp-v13.xml",
        "map": [
            {
                "to": {
                    "startLine": 2,
                    "startColumn": 4,
                    "startOffset": 55,
                    "endColumn": 57,
                    "endOffset": 108
                },
                "from": {
                    "file": "/Users/HoangNguyen/.android/build-cache/43f078533731f46c2275e5cdc867d969f067de91/output/res/values-h320dp-v13/values-h320dp-v13.xml",
                    "position": {
                        "startLine": 2,
                        "startColumn": 4,
                        "startOffset": 55,
                        "endColumn": 57,
                        "endOffset": 108
                    }
                }
            }
        ]
    }
]