[
    {
        "outputFile": "/Users/HoangNguyen/Library/Mobile Documents/com~apple~CloudDocs/A - AS/AmericanSTEM/app/build/intermediates/incremental/mergeDebugResources/merged.dir/values-xxhdpi-v4/values-xxhdpi-v4.xml",
        "map": [
            {
                "to": {
                    "startLine": 2,
                    "startColumn": 4,
                    "startOffset": 55,
                    "endColumn": 58,
                    "endOffset": 109
                },
                "from": {
                    "file": "/Users/HoangNguyen/.android/build-cache/7a0e61e31504a0812e7c3dbdfd1ad74ce59290b2/output/res/values-xxhdpi-v4/values-xxhdpi-v4.xml",
                    "position": {
                        "startLine": 2,
                        "startColumn": 4,
                        "startOffset": 55,
                        "endColumn": 58,
                        "endOffset": 109
                    }
                }
            },
            {
                "to": {
                    "startLine": 3,
                    "startColumn": 4,
                    "startOffset": 114,
                    "endColumn": 55,
                    "endOffset": 165
                },
                "from": {
                    "file": "/Users/HoangNguyen/.android/build-cache/7a0e61e31504a0812e7c3dbdfd1ad74ce59290b2/output/res/values-xxhdpi-v4/values-xxhdpi-v4.xml",
                    "position": {
                        "startLine": 3,
                        "startColumn": 4,
                        "startOffset": 114,
                        "endColumn": 55,
                        "endOffset": 165
                    }
                }
            }
        ]
    },
    {
        "outputFile": "/Users/HoangNguyen/Library/Mobile Documents/com~apple~CloudDocs/A - AS/AmericanSTEM/C:\\Users\\HoangNguyen\\Desktop\\AmericanSTEM\\app\\build\\intermediates\\incremental\\mergeDebugResources\\merged.dir\\values-xxhdpi-v4\\values-xxhdpi-v4.xml",
        "map": [
            {
                "to": {
                    "startLine": 2,
                    "startColumn": 4,
                    "startOffset": 55,
                    "endColumn": 58,
                    "endOffset": 109
                },
                "from": {
                    "file": "/Users/HoangNguyen/Library/Mobile Documents/com~apple~CloudDocs/A - AS/AmericanSTEM/C:\\Users\\HoangNguyen\\.android\\build-cache\\7a0e61e31504a0812e7c3dbdfd1ad74ce59290b2\\output\\res\\values-xxhdpi-v4\\values-xxhdpi-v4.xml",
                    "position": {
                        "startLine": 2,
                        "startColumn": 4,
                        "startOffset": 55,
                        "endColumn": 58,
                        "endOffset": 109
                    }
                }
            },
            {
                "to": {
                    "startLine": 3,
                    "startColumn": 4,
                    "startOffset": 114,
                    "endColumn": 55,
                    "endOffset": 165
                },
                "from": {
                    "file": "/Users/HoangNguyen/Library/Mobile Documents/com~apple~CloudDocs/A - AS/AmericanSTEM/C:\\Users\\HoangNguyen\\.android\\build-cache\\7a0e61e31504a0812e7c3dbdfd1ad74ce59290b2\\output\\res\\values-xxhdpi-v4\\values-xxhdpi-v4.xml",
                    "position": {
                        "startLine": 3,
                        "startColumn": 4,
                        "startOffset": 114,
                        "endColumn": 55,
                        "endOffset": 165
                    }
                }
            }
        ]
    },
    {
        "outputFile": "/Users/HoangNguyen/Library/Mobile Documents/com~apple~CloudDocs/A - AS/AmericanSTEM/C:\\Users\\Hoang Nguyen\\iCloudDrive\\A - AS\\AmericanSTEM\\app\\build\\intermediates\\incremental\\mergeDebugResources\\merged.dir\\values-xxhdpi-v4\\values-xxhdpi-v4.xml",
        "map": [
            {
                "to": {
                    "startLine": 2,
                    "startColumn": 4,
                    "startOffset": 55,
                    "endColumn": 58,
                    "endOffset": 109
                },
                "from": {
                    "file": "/Users/HoangNguyen/Library/Mobile Documents/com~apple~CloudDocs/A - AS/AmericanSTEM/C:\\Users\\Hoang Nguyen\\.android\\build-cache\\741b4b86ca81a6486add4d36dfa0477d1561aac9\\output\\res\\values-xxhdpi-v4\\values-xxhdpi-v4.xml",
                    "position": {
                        "startLine": 2,
                        "startColumn": 4,
                        "startOffset": 55,
                        "endColumn": 58,
                        "endOffset": 109
                    }
                }
            },
            {
                "to": {
                    "startLine": 3,
                    "startColumn": 4,
                    "startOffset": 114,
                    "endColumn": 55,
                    "endOffset": 165
                },
                "from": {
                    "file": "/Users/HoangNguyen/Library/Mobile Documents/com~apple~CloudDocs/A - AS/AmericanSTEM/C:\\Users\\Hoang Nguyen\\.android\\build-cache\\741b4b86ca81a6486add4d36dfa0477d1561aac9\\output\\res\\values-xxhdpi-v4\\values-xxhdpi-v4.xml",
                    "position": {
                        "startLine": 3,
                        "startColumn": 4,
                        "startOffset": 114,
                        "endColumn": 55,
                        "endOffset": 165
                    }
                }
            }
        ]
    }
]