{
    "logs": [
        {
            "outputFile": "/Users/hoangnguyen/Library/Mobile Documents/com~apple~CloudDocs/Old Projects/A - AS/AmericanSTEM/app/build/intermediates/incremental/mergeDebugResources/merged.dir/values-ja/values-ja.xml",
            "map": [
                {
                    "source": "/Users/hoangnguyen/.gradle/caches/transforms-1/files-1.1/appcompat-v7-23.4.0.aar/5afece432e53e2eae33e5a6ddaf3beaa/res/values-ja/values-ja.xml",
                    "from": {
                        "startLines": "2,3,4,5,6,7,8,9,10,11,12,13,14,15,16,17,18,19,20,21",
                        "startColumns": "4,4,4,4,4,4,4,4,4,4,4,4,4,4,4,4,4,4,4,4",
                        "startOffsets": "55,152,259,380,473,578,660,758,866,943,1019,1097,1199,1298,1393,1496,1591,1687,1798,1895",
                        "endColumns": "96,106,120,92,104,81,97,107,76,75,77,101,98,94,102,94,95,110,96,100",
                        "endOffsets": "147,254,375,468,573,655,753,861,938,1014,1092,1194,1293,1388,1491,1586,1682,1793,1890,1991"
                    }
                }
            ]
        }
    ]
}