{
    "logs": [
        {
            "outputFile": "/Users/hoangnguyen/Library/Mobile Documents/com~apple~CloudDocs/Old Projects/A - AS/AmericanSTEM/app/build/intermediates/incremental/mergeDebugResources/merged.dir/values-xlarge-v4/values-xlarge-v4.xml",
            "map": [
                {
                    "source": "/Users/hoangnguyen/.gradle/caches/transforms-1/files-1.1/appcompat-v7-23.4.0.aar/5afece432e53e2eae33e5a6ddaf3beaa/res/values-xlarge-v4/values-xlarge-v4.xml",
                    "from": {
                        "startLines": "2,3,4,5,6,7,8,9,10",
                        "startColumns": "4,4,4,4,4,4,4,4,4",
                        "startOffsets": "55,132,203,274,344,414,482,550,614",
                        "endColumns": "76,70,70,69,69,67,67,63,54",
                        "endOffsets": "127,198,269,339,409,477,545,609,664"
                    }
                }
            ]
        }
    ]
}