{
    "logs": [
        {
            "outputFile": "/Users/hoangnguyen/Library/Mobile Documents/com~apple~CloudDocs/Old Projects/A - AS/AmericanSTEM/app/build/intermediates/incremental/mergeDebugResources/merged.dir/values-pl/values-pl.xml",
            "map": [
                {
                    "source": "/Users/hoangnguyen/.gradle/caches/transforms-1/files-1.1/appcompat-v7-23.4.0.aar/5afece432e53e2eae33e5a6ddaf3beaa/res/values-pl/values-pl.xml",
                    "from": {
                        "startLines": "2,3,4,5,6,7,8,9,10,11,12,13,14,15,16,17,18,19,20,21",
                        "startColumns": "4,4,4,4,4,4,4,4,4,4,4,4,4,4,4,4,4,4,4,4",
                        "startOffsets": "55,171,279,402,504,612,698,807,926,1004,1081,1163,1272,1381,1480,1589,1700,1808,1931,2027",
                        "endColumns": "115,107,122,101,107,85,108,118,77,76,81,108,108,98,108,110,107,122,95,100",
                        "endOffsets": "166,274,397,499,607,693,802,921,999,1076,1158,1267,1376,1475,1584,1695,1803,1926,2022,2123"
                    }
                }
            ]
        }
    ]
}