{
    "logs": [
        {
            "outputFile": "/Users/hoangnguyen/Library/Mobile Documents/com~apple~CloudDocs/Old Projects/A - AS/AmericanSTEM/app/build/intermediates/incremental/mergeDebugResources/merged.dir/values-vi/values-vi.xml",
            "map": [
                {
                    "source": "/Users/hoangnguyen/.gradle/caches/transforms-1/files-1.1/appcompat-v7-23.4.0.aar/5afece432e53e2eae33e5a6ddaf3beaa/res/values-vi/values-vi.xml",
                    "from": {
                        "startLines": "2,3,4,5,6,7,8,9,10,11,12,13,14,15,16,17,18,19,20,21",
                        "startColumns": "4,4,4,4,4,4,4,4,4,4,4,4,4,4,4,4,4,4,4,4",
                        "startOffsets": "55,169,277,400,508,617,701,804,923,1000,1077,1161,1265,1374,1475,1580,1694,1799,1919,2018",
                        "endColumns": "113,107,122,107,108,83,102,118,76,76,83,103,108,100,104,113,104,119,98,100",
                        "endOffsets": "164,272,395,503,612,696,799,918,995,1072,1156,1260,1369,1470,1575,1689,1794,1914,2013,2114"
                    }
                }
            ]
        }
    ]
}