{
    "logs": [
        {
            "outputFile": "/Users/hoangnguyen/Library/Mobile Documents/com~apple~CloudDocs/Old Projects/A - AS/AmericanSTEM/app/build/intermediates/incremental/mergeDebugResources/merged.dir/values-large-v4/values-large-v4.xml",
            "map": [
                {
                    "source": "/Users/hoangnguyen/.gradle/caches/transforms-1/files-1.1/appcompat-v7-23.4.0.aar/5afece432e53e2eae33e5a6ddaf3beaa/res/values-large-v4/values-large-v4.xml",
                    "from": {
                        "startLines": "2,3,4,5,6,7,8,9,10,11,12,13,14",
                        "startColumns": "4,4,4,4,4,4,4,4,4,4,4,4,4",
                        "startOffsets": "55,117,189,248,319,390,460,530,598,666,730,785,889",
                        "endColumns": "61,71,58,70,70,69,69,67,67,63,54,103,115",
                        "endOffsets": "112,184,243,314,385,455,525,593,661,725,780,884,1000"
                    }
                }
            ]
        }
    ]
}