{
    "logs": [
        {
            "outputFile": "/Users/hoangnguyen/Library/Mobile Documents/com~apple~CloudDocs/Old Projects/A - AS/AmericanSTEM/app/build/intermediates/incremental/mergeDebugResources/merged.dir/values-my-rMM/values-my-rMM.xml",
            "map": [
                {
                    "source": "/Users/hoangnguyen/.gradle/caches/transforms-1/files-1.1/appcompat-v7-23.4.0.aar/5afece432e53e2eae33e5a6ddaf3beaa/res/values-my-rMM/values-my-rMM.xml",
                    "from": {
                        "startLines": "2,3,4,5,6,7,8,9,10,11,12,13,14,15,16,17,18,19,20,21",
                        "startColumns": "4,4,4,4,4,4,4,4,4,4,4,4,4,4,4,4,4,4,4,4",
                        "startOffsets": "55,164,272,397,502,619,712,824,960,1038,1117,1203,1328,1440,1542,1668,1779,1889,2012,2112",
                        "endColumns": "108,107,124,104,116,92,111,135,77,78,85,124,111,101,125,110,109,122,99,100",
                        "endOffsets": "159,267,392,497,614,707,819,955,1033,1112,1198,1323,1435,1537,1663,1774,1884,2007,2107,2208"
                    }
                }
            ]
        }
    ]
}