{
    "logs": [
        {
            "outputFile": "/Users/hoangnguyen/Library/Mobile Documents/com~apple~CloudDocs/Old Projects/A - AS/AmericanSTEM/app/build/intermediates/incremental/mergeDebugResources/merged.dir/values-sl/values-sl.xml",
            "map": [
                {
                    "source": "/Users/hoangnguyen/.gradle/caches/transforms-1/files-1.1/appcompat-v7-23.4.0.aar/5afece432e53e2eae33e5a6ddaf3beaa/res/values-sl/values-sl.xml",
                    "from": {
                        "startLines": "2,3,4,5,6,7,8,9,10,11,12,13,14,15,16,17,18,19,20,21",
                        "startColumns": "4,4,4,4,4,4,4,4,4,4,4,4,4,4,4,4,4,4,4,4",
                        "startOffsets": "55,162,270,393,500,608,695,798,917,1002,1086,1170,1278,1387,1487,1600,1707,1811,1928,2025",
                        "endColumns": "106,107,122,106,107,86,102,118,84,83,83,107,108,99,112,106,103,116,96,100",
                        "endOffsets": "157,265,388,495,603,690,793,912,997,1081,1165,1273,1382,1482,1595,1702,1806,1923,2020,2121"
                    }
                }
            ]
        }
    ]
}