{
    "logs": [
        {
            "outputFile": "/Users/hoangnguyen/Library/Mobile Documents/com~apple~CloudDocs/Old Projects/A - AS/AmericanSTEM/app/build/intermediates/incremental/mergeDebugResources/merged.dir/values-is-rIS/values-is-rIS.xml",
            "map": [
                {
                    "source": "/Users/hoangnguyen/.gradle/caches/transforms-1/files-1.1/appcompat-v7-23.4.0.aar/5afece432e53e2eae33e5a6ddaf3beaa/res/values-is-rIS/values-is-rIS.xml",
                    "from": {
                        "startLines": "2,3,4,5,6,7,8,9,10,11,12,13,14,15,16,17,18,19,20,21",
                        "startColumns": "4,4,4,4,4,4,4,4,4,4,4,4,4,4,4,4,4,4,4,4",
                        "startOffsets": "55,155,263,386,483,595,680,781,895,975,1055,1136,1246,1354,1452,1561,1660,1763,1881,1979",
                        "endColumns": "99,107,122,96,111,84,100,113,79,79,80,109,107,97,108,98,102,117,97,100",
                        "endOffsets": "150,258,381,478,590,675,776,890,970,1050,1131,1241,1349,1447,1556,1655,1758,1876,1974,2075"
                    }
                }
            ]
        }
    ]
}