{
    "logs": [
        {
            "outputFile": "/Users/hoangnguyen/Library/Mobile Documents/com~apple~CloudDocs/Old Projects/A - AS/AmericanSTEM/app/build/intermediates/incremental/mergeDebugResources/merged.dir/values-v14/values-v14.xml",
            "map": [
                {
                    "source": "/Users/hoangnguyen/.gradle/caches/transforms-1/files-1.1/appcompat-v7-23.4.0.aar/5afece432e53e2eae33e5a6ddaf3beaa/res/values-v14/values-v14.xml",
                    "from": {
                        "startLines": "2,7,8,9,15,21,22,23,26,27",
                        "startColumns": "4,4,4,4,4,4,4,4,4,4",
                        "startOffsets": "55,331,402,485,895,1317,1437,1500,1654,1717",
                        "endLines": "6,7,8,14,20,21,22,25,26,27",
                        "endColumns": "12,70,82,12,12,119,62,12,62,131",
                        "endOffsets": "326,397,480,890,1312,1432,1495,1649,1712,1844"
                    }
                }
            ]
        }
    ]
}