{
    "logs": [
        {
            "outputFile": "/Users/hoangnguyen/Library/Mobile Documents/com~apple~CloudDocs/Old Projects/A - AS/AmericanSTEM/app/build/intermediates/incremental/mergeDebugResources/merged.dir/values-sw/values-sw.xml",
            "map": [
                {
                    "source": "/Users/hoangnguyen/.gradle/caches/transforms-1/files-1.1/appcompat-v7-23.4.0.aar/5afece432e53e2eae33e5a6ddaf3beaa/res/values-sw/values-sw.xml",
                    "from": {
                        "startLines": "2,3,4,5,6,7,8,9,10,11,12,13,14,15,16,17,18,19,20,21",
                        "startColumns": "4,4,4,4,4,4,4,4,4,4,4,4,4,4,4,4,4,4,4,4",
                        "startOffsets": "55,158,266,389,487,595,685,790,907,989,1072,1154,1255,1364,1463,1570,1679,1784,1903,2000",
                        "endColumns": "102,107,122,97,107,89,104,116,81,82,81,100,108,98,106,108,104,118,96,100",
                        "endOffsets": "153,261,384,482,590,680,785,902,984,1067,1149,1250,1359,1458,1565,1674,1779,1898,1995,2096"
                    }
                }
            ]
        }
    ]
}