{
    "logs": [
        {
            "outputFile": "/Users/hoangnguyen/Library/Mobile Documents/com~apple~CloudDocs/Old Projects/A - AS/AmericanSTEM/app/build/intermediates/incremental/mergeDebugResources/merged.dir/values-th/values-th.xml",
            "map": [
                {
                    "source": "/Users/hoangnguyen/.gradle/caches/transforms-1/files-1.1/appcompat-v7-23.4.0.aar/5afece432e53e2eae33e5a6ddaf3beaa/res/values-th/values-th.xml",
                    "from": {
                        "startLines": "2,3,4,5,6,7,8,9,10,11,12,13,14,15,16,17,18,19,20,21",
                        "startColumns": "4,4,4,4,4,4,4,4,4,4,4,4,4,4,4,4,4,4,4,4",
                        "startOffsets": "55,160,268,391,489,597,686,788,898,975,1053,1134,1242,1346,1444,1552,1657,1758,1874,1969",
                        "endColumns": "104,107,122,97,107,88,101,109,76,77,80,107,103,97,107,104,100,115,94,100",
                        "endOffsets": "155,263,386,484,592,681,783,893,970,1048,1129,1237,1341,1439,1547,1652,1753,1869,1964,2065"
                    }
                }
            ]
        }
    ]
}