{
    "logs": [
        {
            "outputFile": "/Users/hoangnguyen/Library/Mobile Documents/com~apple~CloudDocs/Old Projects/A - AS/AmericanSTEM/app/build/intermediates/incremental/mergeDebugResources/merged.dir/values-gu-rIN/values-gu-rIN.xml",
            "map": [
                {
                    "source": "/Users/hoangnguyen/.gradle/caches/transforms-1/files-1.1/appcompat-v7-23.4.0.aar/5afece432e53e2eae33e5a6ddaf3beaa/res/values-gu-rIN/values-gu-rIN.xml",
                    "from": {
                        "startLines": "2,3,4,5,6,7,8,9,10,11,12,13,14,15,16,17,18,19,20,21",
                        "startColumns": "4,4,4,4,4,4,4,4,4,4,4,4,4,4,4,4,4,4,4,4",
                        "startOffsets": "55,164,272,395,499,606,693,794,917,994,1072,1152,1258,1360,1457,1566,1665,1775,1896,1999",
                        "endColumns": "108,107,122,103,106,86,100,122,76,77,79,105,101,96,108,98,109,120,102,100",
                        "endOffsets": "159,267,390,494,601,688,789,912,989,1067,1147,1253,1355,1452,1561,1660,1770,1891,1994,2095"
                    }
                }
            ]
        }
    ]
}