{
    "logs": [
        {
            "outputFile": "/Users/hoangnguyen/Library/Mobile Documents/com~apple~CloudDocs/Old Projects/A - AS/AmericanSTEM/app/build/intermediates/incremental/mergeDebugResources/merged.dir/values-fr/values-fr.xml",
            "map": [
                {
                    "source": "/Users/hoangnguyen/.gradle/caches/transforms-1/files-1.1/appcompat-v7-23.4.0.aar/5afece432e53e2eae33e5a6ddaf3beaa/res/values-fr/values-fr.xml",
                    "from": {
                        "startLines": "2,3,4,5,6,7,8,9,10,11,12,13,14,15,16,17,18,19,20,21",
                        "startColumns": "4,4,4,4,4,4,4,4,4,4,4,4,4,4,4,4,4,4,4,4",
                        "startOffsets": "55,166,274,397,512,623,705,811,941,1024,1104,1190,1300,1412,1515,1626,1733,1840,1962,2061",
                        "endColumns": "110,107,122,114,110,81,105,129,82,79,85,109,111,102,110,106,106,121,98,100",
                        "endOffsets": "161,269,392,507,618,700,806,936,1019,1099,1185,1295,1407,1510,1621,1728,1835,1957,2056,2157"
                    }
                }
            ]
        }
    ]
}