{
    "logs": [
        {
            "outputFile": "/Users/hoangnguyen/Library/Mobile Documents/com~apple~CloudDocs/Old Projects/A - AS/AmericanSTEM/app/build/intermediates/incremental/mergeDebugResources/merged.dir/values-fa/values-fa.xml",
            "map": [
                {
                    "source": "/Users/hoangnguyen/.gradle/caches/transforms-1/files-1.1/appcompat-v7-23.4.0.aar/5afece432e53e2eae33e5a6ddaf3beaa/res/values-fa/values-fa.xml",
                    "from": {
                        "startLines": "2,3,4,5,6,7,8,9,10,11,12,13,14,15,16,17,18,19,20,21",
                        "startColumns": "4,4,4,4,4,4,4,4,4,4,4,4,4,4,4,4,4,4,4,4",
                        "startOffsets": "55,165,275,401,504,615,699,802,917,996,1074,1155,1267,1370,1468,1578,1681,1790,1915,2016",
                        "endColumns": "109,109,125,102,110,83,102,114,78,77,80,111,102,97,109,102,108,124,100,100",
                        "endOffsets": "160,270,396,499,610,694,797,912,991,1069,1150,1262,1365,1463,1573,1676,1785,1910,2011,2112"
                    }
                }
            ]
        }
    ]
}