{
    "logs": [
        {
            "outputFile": "/Users/hoangnguyen/Library/Mobile Documents/com~apple~CloudDocs/Old Projects/A - AS/AmericanSTEM/app/build/intermediates/incremental/mergeDebugResources/merged.dir/values-de/values-de.xml",
            "map": [
                {
                    "source": "/Users/hoangnguyen/.gradle/caches/transforms-1/files-1.1/appcompat-v7-23.4.0.aar/5afece432e53e2eae33e5a6ddaf3beaa/res/values-de/values-de.xml",
                    "from": {
                        "startLines": "2,3,4,5,6,7,8,9,10,11,12,13,14,15,16,17,18,19,20,21",
                        "startColumns": "4,4,4,4,4,4,4,4,4,4,4,4,4,4,4,4,4,4,4,4",
                        "startOffsets": "55,160,268,391,489,601,687,792,907,984,1060,1142,1253,1356,1455,1566,1668,1775,1897,1999",
                        "endColumns": "104,107,122,97,111,85,104,114,76,75,81,110,102,98,110,101,106,121,101,100",
                        "endOffsets": "155,263,386,484,596,682,787,902,979,1055,1137,1248,1351,1450,1561,1663,1770,1892,1994,2095"
                    }
                }
            ]
        }
    ]
}