{
    "logs": [
        {
            "outputFile": "/Users/hoangnguyen/Library/Mobile Documents/com~apple~CloudDocs/Old Projects/A - AS/AmericanSTEM/app/build/intermediates/incremental/mergeDebugResources/merged.dir/values-ru/values-ru.xml",
            "map": [
                {
                    "source": "/Users/hoangnguyen/.gradle/caches/transforms-1/files-1.1/appcompat-v7-23.4.0.aar/5afece432e53e2eae33e5a6ddaf3beaa/res/values-ru/values-ru.xml",
                    "from": {
                        "startLines": "2,3,4,5,6,7,8,9,10,11,12,13,14,15,16,17,18,19,20,21",
                        "startColumns": "4,4,4,4,4,4,4,4,4,4,4,4,4,4,4,4,4,4,4,4",
                        "startOffsets": "55,170,278,401,503,615,701,806,926,1005,1083,1163,1269,1377,1475,1584,1690,1798,1934,2034",
                        "endColumns": "114,107,122,101,111,85,104,119,78,77,79,105,107,97,108,105,107,135,99,100",
                        "endOffsets": "165,273,396,498,610,696,801,921,1000,1078,1158,1264,1372,1470,1579,1685,1793,1929,2029,2130"
                    }
                }
            ]
        }
    ]
}