{
    "logs": [
        {
            "outputFile": "/Users/hoangnguyen/Library/Mobile Documents/com~apple~CloudDocs/Old Projects/A - AS/AmericanSTEM/app/build/intermediates/incremental/mergeDebugResources/merged.dir/values-zu/values-zu.xml",
            "map": [
                {
                    "source": "/Users/hoangnguyen/.gradle/caches/transforms-1/files-1.1/appcompat-v7-23.4.0.aar/5afece432e53e2eae33e5a6ddaf3beaa/res/values-zu/values-zu.xml",
                    "from": {
                        "startLines": "2,3,4,5,6,7,8,9,10,11,12,13,14,15,16,17,18,19,20,21",
                        "startColumns": "4,4,4,4,4,4,4,4,4,4,4,4,4,4,4,4,4,4,4,4",
                        "startOffsets": "55,163,271,394,501,615,703,806,933,1013,1093,1179,1283,1389,1487,1594,1700,1806,1926,2022",
                        "endColumns": "107,107,122,106,113,87,102,126,79,79,85,103,105,97,106,105,105,119,95,100",
                        "endOffsets": "158,266,389,496,610,698,801,928,1008,1088,1174,1278,1384,1482,1589,1695,1801,1921,2017,2118"
                    }
                }
            ]
        }
    ]
}