{
    "logs": [
        {
            "outputFile": "/Users/hoangnguyen/Library/Mobile Documents/com~apple~CloudDocs/Old Projects/A - AS/AmericanSTEM/app/build/intermediates/incremental/mergeDebugResources/merged.dir/values-hi/values-hi.xml",
            "map": [
                {
                    "source": "/Users/hoangnguyen/.gradle/caches/transforms-1/files-1.1/appcompat-v7-23.4.0.aar/5afece432e53e2eae33e5a6ddaf3beaa/res/values-hi/values-hi.xml",
                    "from": {
                        "startLines": "2,3,4,5,6,7,8,9,10,11,12,13,14,15,16,17,18,19,20,21",
                        "startColumns": "4,4,4,4,4,4,4,4,4,4,4,4,4,4,4,4,4,4,4,4",
                        "startOffsets": "55,172,280,403,508,615,700,802,924,1001,1079,1169,1278,1380,1478,1588,1688,1803,1928,2034",
                        "endColumns": "116,107,122,104,106,84,101,121,76,77,89,108,101,97,109,99,114,124,105,100",
                        "endOffsets": "167,275,398,503,610,695,797,919,996,1074,1164,1273,1375,1473,1583,1683,1798,1923,2029,2130"
                    }
                }
            ]
        }
    ]
}