{
    "logs": [
        {
            "outputFile": "/Users/hoangnguyen/Library/Mobile Documents/com~apple~CloudDocs/Old Projects/A - AS/AmericanSTEM/app/build/intermediates/incremental/mergeDebugResources/merged.dir/values-ko/values-ko.xml",
            "map": [
                {
                    "source": "/Users/hoangnguyen/.gradle/caches/transforms-1/files-1.1/appcompat-v7-23.4.0.aar/5afece432e53e2eae33e5a6ddaf3beaa/res/values-ko/values-ko.xml",
                    "from": {
                        "startLines": "2,3,4,5,6,7,8,9,10,11,12,13,14,15,16,17,18,19,20,21",
                        "startColumns": "4,4,4,4,4,4,4,4,4,4,4,4,4,4,4,4,4,4,4,4",
                        "startOffsets": "55,150,258,381,475,577,659,757,863,942,1018,1098,1196,1291,1386,1486,1582,1681,1796,1890",
                        "endColumns": "94,107,122,93,101,81,97,105,78,75,79,97,94,94,99,95,98,114,93,100",
                        "endOffsets": "145,253,376,470,572,654,752,858,937,1013,1093,1191,1286,1381,1481,1577,1676,1791,1885,1986"
                    }
                }
            ]
        }
    ]
}