{
    "logs": [
        {
            "outputFile": "/Users/hoangnguyen/Library/Mobile Documents/com~apple~CloudDocs/Old Projects/A - AS/AmericanSTEM/app/build/intermediates/incremental/mergeDebugResources/merged.dir/values-ro/values-ro.xml",
            "map": [
                {
                    "source": "/Users/hoangnguyen/.gradle/caches/transforms-1/files-1.1/appcompat-v7-23.4.0.aar/5afece432e53e2eae33e5a6ddaf3beaa/res/values-ro/values-ro.xml",
                    "from": {
                        "startLines": "2,3,4,5,6,7,8,9,10,11,12,13,14,15,16,17,18,19,20,21",
                        "startColumns": "4,4,4,4,4,4,4,4,4,4,4,4,4,4,4,4,4,4,4,4",
                        "startOffsets": "55,176,284,407,511,624,712,824,945,1030,1112,1195,1307,1420,1520,1634,1739,1845,1966,2069",
                        "endColumns": "120,107,122,103,112,87,111,120,84,81,82,111,112,99,113,104,105,120,102,100",
                        "endOffsets": "171,279,402,506,619,707,819,940,1025,1107,1190,1302,1415,1515,1629,1734,1840,1961,2064,2165"
                    }
                }
            ]
        }
    ]
}