{
    "logs": [
        {
            "outputFile": "/Users/hoangnguyen/Library/Mobile Documents/com~apple~CloudDocs/Old Projects/A - AS/AmericanSTEM/app/build/intermediates/incremental/mergeDebugResources/merged.dir/values-sk/values-sk.xml",
            "map": [
                {
                    "source": "/Users/hoangnguyen/.gradle/caches/transforms-1/files-1.1/appcompat-v7-23.4.0.aar/5afece432e53e2eae33e5a6ddaf3beaa/res/values-sk/values-sk.xml",
                    "from": {
                        "startLines": "2,3,4,5,6,7,8,9,10,11,12,13,14,15,16,17,18,19,20,21",
                        "startColumns": "4,4,4,4,4,4,4,4,4,4,4,4,4,4,4,4,4,4,4,4",
                        "startOffsets": "55,162,270,393,493,604,690,798,916,994,1072,1156,1261,1370,1469,1575,1686,1795,1919,2017",
                        "endColumns": "106,107,122,99,110,85,107,117,77,77,83,104,108,98,105,110,108,123,97,100",
                        "endOffsets": "157,265,388,488,599,685,793,911,989,1067,1151,1256,1365,1464,1570,1681,1790,1914,2012,2113"
                    }
                }
            ]
        }
    ]
}