[
    {
        "merged": "/Users/HoangNguyen/Library/Mobile Documents/com~apple~CloudDocs/A - AS/AmericanSTEM/C:\\Users\\Hoang Nguyen\\iCloudDrive\\A - AS\\AmericanSTEM\\app\\build\\intermediates\\res\\merged\\debug\\color-v11\\abc_background_cache_hint_selector_material_light.xml",
        "source": "/Users/HoangNguyen/Library/Mobile Documents/com~apple~CloudDocs/A - AS/AmericanSTEM/C:\\Users\\Hoang Nguyen\\.android\\build-cache\\5bb72b998dfd92d1f1290e1783b2f3fadf293585\\output\\res\\color-v11\\abc_background_cache_hint_selector_material_light.xml"
    },
    {
        "merged": "/Users/HoangNguyen/Library/Mobile Documents/com~apple~CloudDocs/A - AS/AmericanSTEM/C:\\Users\\HoangNguyen\\Desktop\\AmericanSTEM\\app\\build\\intermediates\\res\\merged\\debug\\color-v11\\abc_background_cache_hint_selector_material_light.xml",
        "source": "/Users/HoangNguyen/Library/Mobile Documents/com~apple~CloudDocs/A - AS/AmericanSTEM/C:\\Users\\HoangNguyen\\.android\\build-cache\\43f078533731f46c2275e5cdc867d969f067de91\\output\\res\\color-v11\\abc_background_cache_hint_selector_material_light.xml"
    },
    {
        "merged": "/Users/HoangNguyen/Library/Mobile Documents/com~apple~CloudDocs/A - AS/AmericanSTEM/app/build/intermediates/res/merged/debug/color-v11/abc_background_cache_hint_selector_material_light.xml",
        "source": "/Users/HoangNguyen/.android/build-cache/43f078533731f46c2275e5cdc867d969f067de91/output/res/color-v11/abc_background_cache_hint_selector_material_light.xml"
    },
    {
        "merged": "/Users/HoangNguyen/Library/Mobile Documents/com~apple~CloudDocs/A - AS/AmericanSTEM/C:\\Users\\Hoang Nguyen\\iCloudDrive\\A - AS\\AmericanSTEM\\app\\build\\intermediates\\res\\merged\\debug\\color-v11\\abc_background_cache_hint_selector_material_dark.xml",
        "source": "/Users/HoangNguyen/Library/Mobile Documents/com~apple~CloudDocs/A - AS/AmericanSTEM/C:\\Users\\Hoang Nguyen\\.android\\build-cache\\5bb72b998dfd92d1f1290e1783b2f3fadf293585\\output\\res\\color-v11\\abc_background_cache_hint_selector_material_dark.xml"
    },
    {
        "merged": "/Users/HoangNguyen/Library/Mobile Documents/com~apple~CloudDocs/A - AS/AmericanSTEM/app/build/intermediates/res/merged/debug/color-v11/abc_background_cache_hint_selector_material_dark.xml",
        "source": "/Users/HoangNguyen/.android/build-cache/43f078533731f46c2275e5cdc867d969f067de91/output/res/color-v11/abc_background_cache_hint_selector_material_dark.xml"
    },
    {
        "merged": "/Users/HoangNguyen/Library/Mobile Documents/com~apple~CloudDocs/A - AS/AmericanSTEM/C:\\Users\\HoangNguyen\\Desktop\\AmericanSTEM\\app\\build\\intermediates\\res\\merged\\debug\\color-v11\\abc_background_cache_hint_selector_material_dark.xml",
        "source": "/Users/HoangNguyen/Library/Mobile Documents/com~apple~CloudDocs/A - AS/AmericanSTEM/C:\\Users\\HoangNguyen\\.android\\build-cache\\43f078533731f46c2275e5cdc867d969f067de91\\output\\res\\color-v11\\abc_background_cache_hint_selector_material_dark.xml"
    }
]