[
    {
        "merged": "/Users/HoangNguyen/Library/Mobile Documents/com~apple~CloudDocs/A - AS/AmericanSTEM/C:\\Users\\Hoang Nguyen\\iCloudDrive\\A - AS\\AmericanSTEM\\app\\build\\intermediates\\res\\merged\\debug\\drawable-hdpi-v4\\abc_btn_radio_to_on_mtrl_000.png",
        "source": "/Users/HoangNguyen/Library/Mobile Documents/com~apple~CloudDocs/A - AS/AmericanSTEM/C:\\Users\\Hoang Nguyen\\.android\\build-cache\\5bb72b998dfd92d1f1290e1783b2f3fadf293585\\output\\res\\drawable-hdpi-v4\\abc_btn_radio_to_on_mtrl_000.png"
    },
    {
        "merged": "/Users/HoangNguyen/Library/Mobile Documents/com~apple~CloudDocs/A - AS/AmericanSTEM/C:\\Users\\Hoang Nguyen\\iCloudDrive\\A - AS\\AmericanSTEM\\app\\build\\intermediates\\res\\merged\\debug\\drawable-hdpi-v4\\abc_ic_menu_moreoverflow_mtrl_alpha.png",
        "source": "/Users/HoangNguyen/Library/Mobile Documents/com~apple~CloudDocs/A - AS/AmericanSTEM/C:\\Users\\Hoang Nguyen\\.android\\build-cache\\5bb72b998dfd92d1f1290e1783b2f3fadf293585\\output\\res\\drawable-hdpi-v4\\abc_ic_menu_moreoverflow_mtrl_alpha.png"
    },
    {
        "merged": "/Users/HoangNguyen/Library/Mobile Documents/com~apple~CloudDocs/A - AS/AmericanSTEM/app/build/intermediates/res/merged/debug/drawable-hdpi-v4/abc_btn_switch_to_on_mtrl_00001.9.png",
        "source": "/Users/HoangNguyen/.android/build-cache/43f078533731f46c2275e5cdc867d969f067de91/output/res/drawable-hdpi-v4/abc_btn_switch_to_on_mtrl_00001.9.png"
    },
    {
        "merged": "/Users/HoangNguyen/Library/Mobile Documents/com~apple~CloudDocs/A - AS/AmericanSTEM/C:\\Users\\HoangNguyen\\Desktop\\AmericanSTEM\\app\\build\\intermediates\\res\\merged\\debug\\drawable-hdpi-v4\\abc_ab_share_pack_mtrl_alpha.9.png",
        "source": "/Users/HoangNguyen/Library/Mobile Documents/com~apple~CloudDocs/A - AS/AmericanSTEM/C:\\Users\\HoangNguyen\\.android\\build-cache\\43f078533731f46c2275e5cdc867d969f067de91\\output\\res\\drawable-hdpi-v4\\abc_ab_share_pack_mtrl_alpha.9.png"
    },
    {
        "merged": "/Users/HoangNguyen/Library/Mobile Documents/com~apple~CloudDocs/A - AS/AmericanSTEM/app/build/intermediates/res/merged/debug/drawable-hdpi-v4/abc_ic_star_black_36dp.png",
        "source": "/Users/HoangNguyen/.android/build-cache/43f078533731f46c2275e5cdc867d969f067de91/output/res/drawable-hdpi-v4/abc_ic_star_black_36dp.png"
    },
    {
        "merged": "/Users/HoangNguyen/Library/Mobile Documents/com~apple~CloudDocs/A - AS/AmericanSTEM/C:\\Users\\Hoang Nguyen\\iCloudDrive\\A - AS\\AmericanSTEM\\app\\build\\intermediates\\res\\merged\\debug\\drawable-hdpi-v4\\abc_switch_track_mtrl_alpha.9.png",
        "source": "/Users/HoangNguyen/Library/Mobile Documents/com~apple~CloudDocs/A - AS/AmericanSTEM/C:\\Users\\Hoang Nguyen\\.android\\build-cache\\5bb72b998dfd92d1f1290e1783b2f3fadf293585\\output\\res\\drawable-hdpi-v4\\abc_switch_track_mtrl_alpha.9.png"
    },
    {
        "merged": "/Users/HoangNguyen/Library/Mobile Documents/com~apple~CloudDocs/A - AS/AmericanSTEM/app/build/intermediates/res/merged/debug/drawable-hdpi-v4/abc_ic_commit_search_api_mtrl_alpha.png",
        "source": "/Users/HoangNguyen/.android/build-cache/43f078533731f46c2275e5cdc867d969f067de91/output/res/drawable-hdpi-v4/abc_ic_commit_search_api_mtrl_alpha.png"
    },
    {
        "merged": "/Users/HoangNguyen/Library/Mobile Documents/com~apple~CloudDocs/A - AS/AmericanSTEM/C:\\Users\\Hoang Nguyen\\iCloudDrive\\A - AS\\AmericanSTEM\\app\\build\\intermediates\\res\\merged\\debug\\drawable-hdpi-v4\\abc_scrubber_primary_mtrl_alpha.9.png",
        "source": "/Users/HoangNguyen/Library/Mobile Documents/com~apple~CloudDocs/A - AS/AmericanSTEM/C:\\Users\\Hoang Nguyen\\.android\\build-cache\\5bb72b998dfd92d1f1290e1783b2f3fadf293585\\output\\res\\drawable-hdpi-v4\\abc_scrubber_primary_mtrl_alpha.9.png"
    },
    {
        "merged": "/Users/HoangNguyen/Library/Mobile Documents/com~apple~CloudDocs/A - AS/AmericanSTEM/app/build/intermediates/res/merged/debug/drawable-hdpi-v4/abc_textfield_default_mtrl_alpha.9.png",
        "source": "/Users/HoangNguyen/.android/build-cache/43f078533731f46c2275e5cdc867d969f067de91/output/res/drawable-hdpi-v4/abc_textfield_default_mtrl_alpha.9.png"
    },
    {
        "merged": "/Users/HoangNguyen/Library/Mobile Documents/com~apple~CloudDocs/A - AS/AmericanSTEM/app/build/intermediates/res/merged/debug/drawable-hdpi-v4/abc_ic_star_half_black_36dp.png",
        "source": "/Users/HoangNguyen/.android/build-cache/43f078533731f46c2275e5cdc867d969f067de91/output/res/drawable-hdpi-v4/abc_ic_star_half_black_36dp.png"
    },
    {
        "merged": "/Users/HoangNguyen/Library/Mobile Documents/com~apple~CloudDocs/A - AS/AmericanSTEM/C:\\Users\\Hoang Nguyen\\iCloudDrive\\A - AS\\AmericanSTEM\\app\\build\\intermediates\\res\\merged\\debug\\drawable-hdpi-v4\\abc_menu_hardkey_panel_mtrl_mult.9.png",
        "source": "/Users/HoangNguyen/Library/Mobile Documents/com~apple~CloudDocs/A - AS/AmericanSTEM/C:\\Users\\Hoang Nguyen\\.android\\build-cache\\5bb72b998dfd92d1f1290e1783b2f3fadf293585\\output\\res\\drawable-hdpi-v4\\abc_menu_hardkey_panel_mtrl_mult.9.png"
    },
    {
        "merged": "/Users/HoangNguyen/Library/Mobile Documents/com~apple~CloudDocs/A - AS/AmericanSTEM/app/build/intermediates/res/merged/debug/drawable-hdpi-v4/abc_spinner_mtrl_am_alpha.9.png",
        "source": "/Users/HoangNguyen/.android/build-cache/43f078533731f46c2275e5cdc867d969f067de91/output/res/drawable-hdpi-v4/abc_spinner_mtrl_am_alpha.9.png"
    },
    {
        "merged": "/Users/HoangNguyen/Library/Mobile Documents/com~apple~CloudDocs/A - AS/AmericanSTEM/app/build/intermediates/res/merged/debug/drawable-hdpi-v4/abc_ic_go_search_api_mtrl_alpha.png",
        "source": "/Users/HoangNguyen/.android/build-cache/43f078533731f46c2275e5cdc867d969f067de91/output/res/drawable-hdpi-v4/abc_ic_go_search_api_mtrl_alpha.png"
    },
    {
        "merged": "/Users/HoangNguyen/Library/Mobile Documents/com~apple~CloudDocs/A - AS/AmericanSTEM/C:\\Users\\Hoang Nguyen\\iCloudDrive\\A - AS\\AmericanSTEM\\app\\build\\intermediates\\res\\merged\\debug\\drawable-hdpi-v4\\abc_spinner_mtrl_am_alpha.9.png",
        "source": "/Users/HoangNguyen/Library/Mobile Documents/com~apple~CloudDocs/A - AS/AmericanSTEM/C:\\Users\\Hoang Nguyen\\.android\\build-cache\\5bb72b998dfd92d1f1290e1783b2f3fadf293585\\output\\res\\drawable-hdpi-v4\\abc_spinner_mtrl_am_alpha.9.png"
    },
    {
        "merged": "/Users/HoangNguyen/Library/Mobile Documents/com~apple~CloudDocs/A - AS/AmericanSTEM/app/build/intermediates/res/merged/debug/drawable-hdpi-v4/abc_list_pressed_holo_dark.9.png",
        "source": "/Users/HoangNguyen/.android/build-cache/43f078533731f46c2275e5cdc867d969f067de91/output/res/drawable-hdpi-v4/abc_list_pressed_holo_dark.9.png"
    },
    {
        "merged": "/Users/HoangNguyen/Library/Mobile Documents/com~apple~CloudDocs/A - AS/AmericanSTEM/C:\\Users\\Hoang Nguyen\\iCloudDrive\\A - AS\\AmericanSTEM\\app\\build\\intermediates\\res\\merged\\debug\\drawable-hdpi-v4\\abc_ic_ab_back_mtrl_am_alpha.png",
        "source": "/Users/HoangNguyen/Library/Mobile Documents/com~apple~CloudDocs/A - AS/AmericanSTEM/C:\\Users\\Hoang Nguyen\\.android\\build-cache\\5bb72b998dfd92d1f1290e1783b2f3fadf293585\\output\\res\\drawable-hdpi-v4\\abc_ic_ab_back_mtrl_am_alpha.png"
    },
    {
        "merged": "/Users/HoangNguyen/Library/Mobile Documents/com~apple~CloudDocs/A - AS/AmericanSTEM/C:\\Users\\HoangNguyen\\Desktop\\AmericanSTEM\\app\\build\\intermediates\\res\\merged\\debug\\drawable-hdpi-v4\\abc_scrubber_primary_mtrl_alpha.9.png",
        "source": "/Users/HoangNguyen/Library/Mobile Documents/com~apple~CloudDocs/A - AS/AmericanSTEM/C:\\Users\\HoangNguyen\\.android\\build-cache\\43f078533731f46c2275e5cdc867d969f067de91\\output\\res\\drawable-hdpi-v4\\abc_scrubber_primary_mtrl_alpha.9.png"
    },
    {
        "merged": "/Users/HoangNguyen/Library/Mobile Documents/com~apple~CloudDocs/A - AS/AmericanSTEM/app/build/intermediates/res/merged/debug/drawable-hdpi-v4/abc_scrubber_control_to_pressed_mtrl_005.png",
        "source": "/Users/HoangNguyen/.android/build-cache/43f078533731f46c2275e5cdc867d969f067de91/output/res/drawable-hdpi-v4/abc_scrubber_control_to_pressed_mtrl_005.png"
    },
    {
        "merged": "/Users/HoangNguyen/Library/Mobile Documents/com~apple~CloudDocs/A - AS/AmericanSTEM/C:\\Users\\Hoang Nguyen\\iCloudDrive\\A - AS\\AmericanSTEM\\app\\build\\intermediates\\res\\merged\\debug\\drawable-hdpi-v4\\abc_ic_star_half_black_36dp.png",
        "source": "/Users/HoangNguyen/Library/Mobile Documents/com~apple~CloudDocs/A - AS/AmericanSTEM/C:\\Users\\Hoang Nguyen\\.android\\build-cache\\5bb72b998dfd92d1f1290e1783b2f3fadf293585\\output\\res\\drawable-hdpi-v4\\abc_ic_star_half_black_36dp.png"
    },
    {
        "merged": "/Users/HoangNguyen/Library/Mobile Documents/com~apple~CloudDocs/A - AS/AmericanSTEM/C:\\Users\\Hoang Nguyen\\iCloudDrive\\A - AS\\AmericanSTEM\\app\\build\\intermediates\\res\\merged\\debug\\drawable-hdpi-v4\\abc_scrubber_control_off_mtrl_alpha.png",
        "source": "/Users/HoangNguyen/Library/Mobile Documents/com~apple~CloudDocs/A - AS/AmericanSTEM/C:\\Users\\Hoang Nguyen\\.android\\build-cache\\5bb72b998dfd92d1f1290e1783b2f3fadf293585\\output\\res\\drawable-hdpi-v4\\abc_scrubber_control_off_mtrl_alpha.png"
    },
    {
        "merged": "/Users/HoangNguyen/Library/Mobile Documents/com~apple~CloudDocs/A - AS/AmericanSTEM/C:\\Users\\Hoang Nguyen\\iCloudDrive\\A - AS\\AmericanSTEM\\app\\build\\intermediates\\res\\merged\\debug\\drawable-hdpi-v4\\abc_btn_switch_to_on_mtrl_00012.9.png",
        "source": "/Users/HoangNguyen/Library/Mobile Documents/com~apple~CloudDocs/A - AS/AmericanSTEM/C:\\Users\\Hoang Nguyen\\.android\\build-cache\\5bb72b998dfd92d1f1290e1783b2f3fadf293585\\output\\res\\drawable-hdpi-v4\\abc_btn_switch_to_on_mtrl_00012.9.png"
    },
    {
        "merged": "/Users/HoangNguyen/Library/Mobile Documents/com~apple~CloudDocs/A - AS/AmericanSTEM/C:\\Users\\Hoang Nguyen\\iCloudDrive\\A - AS\\AmericanSTEM\\app\\build\\intermediates\\res\\merged\\debug\\drawable-hdpi-v4\\abc_ic_go_search_api_mtrl_alpha.png",
        "source": "/Users/HoangNguyen/Library/Mobile Documents/com~apple~CloudDocs/A - AS/AmericanSTEM/C:\\Users\\Hoang Nguyen\\.android\\build-cache\\5bb72b998dfd92d1f1290e1783b2f3fadf293585\\output\\res\\drawable-hdpi-v4\\abc_ic_go_search_api_mtrl_alpha.png"
    },
    {
        "merged": "/Users/HoangNguyen/Library/Mobile Documents/com~apple~CloudDocs/A - AS/AmericanSTEM/app/build/intermediates/res/merged/debug/drawable-hdpi-v4/abc_list_focused_holo.9.png",
        "source": "/Users/HoangNguyen/.android/build-cache/43f078533731f46c2275e5cdc867d969f067de91/output/res/drawable-hdpi-v4/abc_list_focused_holo.9.png"
    },
    {
        "merged": "/Users/HoangNguyen/Library/Mobile Documents/com~apple~CloudDocs/A - AS/AmericanSTEM/C:\\Users\\Hoang Nguyen\\iCloudDrive\\A - AS\\AmericanSTEM\\app\\build\\intermediates\\res\\merged\\debug\\drawable-hdpi-v4\\abc_ic_search_api_mtrl_alpha.png",
        "source": "/Users/HoangNguyen/Library/Mobile Documents/com~apple~CloudDocs/A - AS/AmericanSTEM/C:\\Users\\Hoang Nguyen\\.android\\build-cache\\5bb72b998dfd92d1f1290e1783b2f3fadf293585\\output\\res\\drawable-hdpi-v4\\abc_ic_search_api_mtrl_alpha.png"
    },
    {
        "merged": "/Users/HoangNguyen/Library/Mobile Documents/com~apple~CloudDocs/A - AS/AmericanSTEM/C:\\Users\\HoangNguyen\\Desktop\\AmericanSTEM\\app\\build\\intermediates\\res\\merged\\debug\\drawable-hdpi-v4\\abc_ic_star_black_36dp.png",
        "source": "/Users/HoangNguyen/Library/Mobile Documents/com~apple~CloudDocs/A - AS/AmericanSTEM/C:\\Users\\HoangNguyen\\.android\\build-cache\\43f078533731f46c2275e5cdc867d969f067de91\\output\\res\\drawable-hdpi-v4\\abc_ic_star_black_36dp.png"
    },
    {
        "merged": "/Users/HoangNguyen/Library/Mobile Documents/com~apple~CloudDocs/A - AS/AmericanSTEM/C:\\Users\\Hoang Nguyen\\iCloudDrive\\A - AS\\AmericanSTEM\\app\\build\\intermediates\\res\\merged\\debug\\drawable-hdpi-v4\\abc_scrubber_track_mtrl_alpha.9.png",
        "source": "/Users/HoangNguyen/Library/Mobile Documents/com~apple~CloudDocs/A - AS/AmericanSTEM/C:\\Users\\Hoang Nguyen\\.android\\build-cache\\5bb72b998dfd92d1f1290e1783b2f3fadf293585\\output\\res\\drawable-hdpi-v4\\abc_scrubber_track_mtrl_alpha.9.png"
    },
    {
        "merged": "/Users/HoangNguyen/Library/Mobile Documents/com~apple~CloudDocs/A - AS/AmericanSTEM/C:\\Users\\HoangNguyen\\Desktop\\AmericanSTEM\\app\\build\\intermediates\\res\\merged\\debug\\drawable-hdpi-v4\\abc_textfield_activated_mtrl_alpha.9.png",
        "source": "/Users/HoangNguyen/Library/Mobile Documents/com~apple~CloudDocs/A - AS/AmericanSTEM/C:\\Users\\HoangNguyen\\.android\\build-cache\\43f078533731f46c2275e5cdc867d969f067de91\\output\\res\\drawable-hdpi-v4\\abc_textfield_activated_mtrl_alpha.9.png"
    },
    {
        "merged": "/Users/HoangNguyen/Library/Mobile Documents/com~apple~CloudDocs/A - AS/AmericanSTEM/C:\\Users\\HoangNguyen\\Desktop\\AmericanSTEM\\app\\build\\intermediates\\res\\merged\\debug\\drawable-hdpi-v4\\abc_scrubber_control_to_pressed_mtrl_005.png",
        "source": "/Users/HoangNguyen/Library/Mobile Documents/com~apple~CloudDocs/A - AS/AmericanSTEM/C:\\Users\\HoangNguyen\\.android\\build-cache\\43f078533731f46c2275e5cdc867d969f067de91\\output\\res\\drawable-hdpi-v4\\abc_scrubber_control_to_pressed_mtrl_005.png"
    },
    {
        "merged": "/Users/HoangNguyen/Library/Mobile Documents/com~apple~CloudDocs/A - AS/AmericanSTEM/C:\\Users\\HoangNguyen\\Desktop\\AmericanSTEM\\app\\build\\intermediates\\res\\merged\\debug\\drawable-hdpi-v4\\abc_list_selector_disabled_holo_light.9.png",
        "source": "/Users/HoangNguyen/Library/Mobile Documents/com~apple~CloudDocs/A - AS/AmericanSTEM/C:\\Users\\HoangNguyen\\.android\\build-cache\\43f078533731f46c2275e5cdc867d969f067de91\\output\\res\\drawable-hdpi-v4\\abc_list_selector_disabled_holo_light.9.png"
    },
    {
        "merged": "/Users/HoangNguyen/Library/Mobile Documents/com~apple~CloudDocs/A - AS/AmericanSTEM/C:\\Users\\Hoang Nguyen\\iCloudDrive\\A - AS\\AmericanSTEM\\app\\build\\intermediates\\res\\merged\\debug\\drawable-hdpi-v4\\abc_btn_rating_star_off_mtrl_alpha.png",
        "source": "/Users/HoangNguyen/Library/Mobile Documents/com~apple~CloudDocs/A - AS/AmericanSTEM/C:\\Users\\Hoang Nguyen\\.android\\build-cache\\5bb72b998dfd92d1f1290e1783b2f3fadf293585\\output\\res\\drawable-hdpi-v4\\abc_btn_rating_star_off_mtrl_alpha.png"
    },
    {
        "merged": "/Users/HoangNguyen/Library/Mobile Documents/com~apple~CloudDocs/A - AS/AmericanSTEM/C:\\Users\\Hoang Nguyen\\iCloudDrive\\A - AS\\AmericanSTEM\\app\\build\\intermediates\\res\\merged\\debug\\drawable-hdpi-v4\\abc_list_pressed_holo_dark.9.png",
        "source": "/Users/HoangNguyen/Library/Mobile Documents/com~apple~CloudDocs/A - AS/AmericanSTEM/C:\\Users\\Hoang Nguyen\\.android\\build-cache\\5bb72b998dfd92d1f1290e1783b2f3fadf293585\\output\\res\\drawable-hdpi-v4\\abc_list_pressed_holo_dark.9.png"
    },
    {
        "merged": "/Users/HoangNguyen/Library/Mobile Documents/com~apple~CloudDocs/A - AS/AmericanSTEM/app/build/intermediates/res/merged/debug/drawable-hdpi-v4/abc_btn_check_to_on_mtrl_015.png",
        "source": "/Users/HoangNguyen/.android/build-cache/43f078533731f46c2275e5cdc867d969f067de91/output/res/drawable-hdpi-v4/abc_btn_check_to_on_mtrl_015.png"
    },
    {
        "merged": "/Users/HoangNguyen/Library/Mobile Documents/com~apple~CloudDocs/A - AS/AmericanSTEM/C:\\Users\\Hoang Nguyen\\iCloudDrive\\A - AS\\AmericanSTEM\\app\\build\\intermediates\\res\\merged\\debug\\drawable-hdpi-v4\\abc_list_selector_disabled_holo_dark.9.png",
        "source": "/Users/HoangNguyen/Library/Mobile Documents/com~apple~CloudDocs/A - AS/AmericanSTEM/C:\\Users\\Hoang Nguyen\\.android\\build-cache\\5bb72b998dfd92d1f1290e1783b2f3fadf293585\\output\\res\\drawable-hdpi-v4\\abc_list_selector_disabled_holo_dark.9.png"
    },
    {
        "merged": "/Users/HoangNguyen/Library/Mobile Documents/com~apple~CloudDocs/A - AS/AmericanSTEM/app/build/intermediates/res/merged/debug/drawable-hdpi-v4/abc_ic_voice_search_api_mtrl_alpha.png",
        "source": "/Users/HoangNguyen/.android/build-cache/43f078533731f46c2275e5cdc867d969f067de91/output/res/drawable-hdpi-v4/abc_ic_voice_search_api_mtrl_alpha.png"
    },
    {
        "merged": "/Users/HoangNguyen/Library/Mobile Documents/com~apple~CloudDocs/A - AS/AmericanSTEM/C:\\Users\\Hoang Nguyen\\iCloudDrive\\A - AS\\AmericanSTEM\\app\\build\\intermediates\\res\\merged\\debug\\drawable-hdpi-v4\\abc_textfield_default_mtrl_alpha.9.png",
        "source": "/Users/HoangNguyen/Library/Mobile Documents/com~apple~CloudDocs/A - AS/AmericanSTEM/C:\\Users\\Hoang Nguyen\\.android\\build-cache\\5bb72b998dfd92d1f1290e1783b2f3fadf293585\\output\\res\\drawable-hdpi-v4\\abc_textfield_default_mtrl_alpha.9.png"
    },
    {
        "merged": "/Users/HoangNguyen/Library/Mobile Documents/com~apple~CloudDocs/A - AS/AmericanSTEM/C:\\Users\\HoangNguyen\\Desktop\\AmericanSTEM\\app\\build\\intermediates\\res\\merged\\debug\\drawable-hdpi-v4\\abc_textfield_search_default_mtrl_alpha.9.png",
        "source": "/Users/HoangNguyen/Library/Mobile Documents/com~apple~CloudDocs/A - AS/AmericanSTEM/C:\\Users\\HoangNguyen\\.android\\build-cache\\43f078533731f46c2275e5cdc867d969f067de91\\output\\res\\drawable-hdpi-v4\\abc_textfield_search_default_mtrl_alpha.9.png"
    },
    {
        "merged": "/Users/HoangNguyen/Library/Mobile Documents/com~apple~CloudDocs/A - AS/AmericanSTEM/C:\\Users\\Hoang Nguyen\\iCloudDrive\\A - AS\\AmericanSTEM\\app\\build\\intermediates\\res\\merged\\debug\\drawable-hdpi-v4\\abc_btn_check_to_on_mtrl_000.png",
        "source": "/Users/HoangNguyen/Library/Mobile Documents/com~apple~CloudDocs/A - AS/AmericanSTEM/C:\\Users\\Hoang Nguyen\\.android\\build-cache\\5bb72b998dfd92d1f1290e1783b2f3fadf293585\\output\\res\\drawable-hdpi-v4\\abc_btn_check_to_on_mtrl_000.png"
    },
    {
        "merged": "/Users/HoangNguyen/Library/Mobile Documents/com~apple~CloudDocs/A - AS/AmericanSTEM/C:\\Users\\Hoang Nguyen\\iCloudDrive\\A - AS\\AmericanSTEM\\app\\build\\intermediates\\res\\merged\\debug\\drawable-hdpi-v4\\abc_ic_menu_selectall_mtrl_alpha.png",
        "source": "/Users/HoangNguyen/Library/Mobile Documents/com~apple~CloudDocs/A - AS/AmericanSTEM/C:\\Users\\Hoang Nguyen\\.android\\build-cache\\5bb72b998dfd92d1f1290e1783b2f3fadf293585\\output\\res\\drawable-hdpi-v4\\abc_ic_menu_selectall_mtrl_alpha.png"
    },
    {
        "merged": "/Users/HoangNguyen/Library/Mobile Documents/com~apple~CloudDocs/A - AS/AmericanSTEM/app/build/intermediates/res/merged/debug/drawable-hdpi-v4/abc_ab_share_pack_mtrl_alpha.9.png",
        "source": "/Users/HoangNguyen/.android/build-cache/43f078533731f46c2275e5cdc867d969f067de91/output/res/drawable-hdpi-v4/abc_ab_share_pack_mtrl_alpha.9.png"
    },
    {
        "merged": "/Users/HoangNguyen/Library/Mobile Documents/com~apple~CloudDocs/A - AS/AmericanSTEM/app/build/intermediates/res/merged/debug/drawable-hdpi-v4/abc_ic_menu_moreoverflow_mtrl_alpha.png",
        "source": "/Users/HoangNguyen/.android/build-cache/43f078533731f46c2275e5cdc867d969f067de91/output/res/drawable-hdpi-v4/abc_ic_menu_moreoverflow_mtrl_alpha.png"
    },
    {
        "merged": "/Users/HoangNguyen/Library/Mobile Documents/com~apple~CloudDocs/A - AS/AmericanSTEM/app/build/intermediates/res/merged/debug/drawable-hdpi-v4/abc_textfield_search_activated_mtrl_alpha.9.png",
        "source": "/Users/HoangNguyen/.android/build-cache/43f078533731f46c2275e5cdc867d969f067de91/output/res/drawable-hdpi-v4/abc_textfield_search_activated_mtrl_alpha.9.png"
    },
    {
        "merged": "/Users/HoangNguyen/Library/Mobile Documents/com~apple~CloudDocs/A - AS/AmericanSTEM/app/build/intermediates/res/merged/debug/drawable-hdpi-v4/abc_scrubber_track_mtrl_alpha.9.png",
        "source": "/Users/HoangNguyen/.android/build-cache/43f078533731f46c2275e5cdc867d969f067de91/output/res/drawable-hdpi-v4/abc_scrubber_track_mtrl_alpha.9.png"
    },
    {
        "merged": "/Users/HoangNguyen/Library/Mobile Documents/com~apple~CloudDocs/A - AS/AmericanSTEM/app/build/intermediates/res/merged/debug/drawable-hdpi-v4/abc_textfield_search_default_mtrl_alpha.9.png",
        "source": "/Users/HoangNguyen/.android/build-cache/43f078533731f46c2275e5cdc867d969f067de91/output/res/drawable-hdpi-v4/abc_textfield_search_default_mtrl_alpha.9.png"
    },
    {
        "merged": "/Users/HoangNguyen/Library/Mobile Documents/com~apple~CloudDocs/A - AS/AmericanSTEM/app/build/intermediates/res/merged/debug/drawable-hdpi-v4/abc_btn_check_to_on_mtrl_000.png",
        "source": "/Users/HoangNguyen/.android/build-cache/43f078533731f46c2275e5cdc867d969f067de91/output/res/drawable-hdpi-v4/abc_btn_check_to_on_mtrl_000.png"
    },
    {
        "merged": "/Users/HoangNguyen/Library/Mobile Documents/com~apple~CloudDocs/A - AS/AmericanSTEM/C:\\Users\\Hoang Nguyen\\iCloudDrive\\A - AS\\AmericanSTEM\\app\\build\\intermediates\\res\\merged\\debug\\drawable-hdpi-v4\\abc_ic_menu_paste_mtrl_am_alpha.png",
        "source": "/Users/HoangNguyen/Library/Mobile Documents/com~apple~CloudDocs/A - AS/AmericanSTEM/C:\\Users\\Hoang Nguyen\\.android\\build-cache\\5bb72b998dfd92d1f1290e1783b2f3fadf293585\\output\\res\\drawable-hdpi-v4\\abc_ic_menu_paste_mtrl_am_alpha.png"
    },
    {
        "merged": "/Users/HoangNguyen/Library/Mobile Documents/com~apple~CloudDocs/A - AS/AmericanSTEM/C:\\Users\\Hoang Nguyen\\iCloudDrive\\A - AS\\AmericanSTEM\\app\\build\\intermediates\\res\\merged\\debug\\drawable-hdpi-v4\\abc_cab_background_top_mtrl_alpha.9.png",
        "source": "/Users/HoangNguyen/Library/Mobile Documents/com~apple~CloudDocs/A - AS/AmericanSTEM/C:\\Users\\Hoang Nguyen\\.android\\build-cache\\5bb72b998dfd92d1f1290e1783b2f3fadf293585\\output\\res\\drawable-hdpi-v4\\abc_cab_background_top_mtrl_alpha.9.png"
    },
    {
        "merged": "/Users/HoangNguyen/Library/Mobile Documents/com~apple~CloudDocs/A - AS/AmericanSTEM/app/build/intermediates/res/merged/debug/drawable-hdpi-v4/abc_list_longpressed_holo.9.png",
        "source": "/Users/HoangNguyen/.android/build-cache/43f078533731f46c2275e5cdc867d969f067de91/output/res/drawable-hdpi-v4/abc_list_longpressed_holo.9.png"
    },
    {
        "merged": "/Users/HoangNguyen/Library/Mobile Documents/com~apple~CloudDocs/A - AS/AmericanSTEM/app/build/intermediates/res/merged/debug/drawable-hdpi-v4/abc_list_divider_mtrl_alpha.9.png",
        "source": "/Users/HoangNguyen/.android/build-cache/43f078533731f46c2275e5cdc867d969f067de91/output/res/drawable-hdpi-v4/abc_list_divider_mtrl_alpha.9.png"
    },
    {
        "merged": "/Users/HoangNguyen/Library/Mobile Documents/com~apple~CloudDocs/A - AS/AmericanSTEM/app/build/intermediates/res/merged/debug/drawable-hdpi-v4/abc_btn_switch_to_on_mtrl_00012.9.png",
        "source": "/Users/HoangNguyen/.android/build-cache/43f078533731f46c2275e5cdc867d969f067de91/output/res/drawable-hdpi-v4/abc_btn_switch_to_on_mtrl_00012.9.png"
    },
    {
        "merged": "/Users/HoangNguyen/Library/Mobile Documents/com~apple~CloudDocs/A - AS/AmericanSTEM/C:\\Users\\HoangNguyen\\Desktop\\AmericanSTEM\\app\\build\\intermediates\\res\\merged\\debug\\drawable-hdpi-v4\\abc_btn_switch_to_on_mtrl_00012.9.png",
        "source": "/Users/HoangNguyen/Library/Mobile Documents/com~apple~CloudDocs/A - AS/AmericanSTEM/C:\\Users\\HoangNguyen\\.android\\build-cache\\43f078533731f46c2275e5cdc867d969f067de91\\output\\res\\drawable-hdpi-v4\\abc_btn_switch_to_on_mtrl_00012.9.png"
    },
    {
        "merged": "/Users/HoangNguyen/Library/Mobile Documents/com~apple~CloudDocs/A - AS/AmericanSTEM/C:\\Users\\Hoang Nguyen\\iCloudDrive\\A - AS\\AmericanSTEM\\app\\build\\intermediates\\res\\merged\\debug\\drawable-hdpi-v4\\abc_btn_check_to_on_mtrl_015.png",
        "source": "/Users/HoangNguyen/Library/Mobile Documents/com~apple~CloudDocs/A - AS/AmericanSTEM/C:\\Users\\Hoang Nguyen\\.android\\build-cache\\5bb72b998dfd92d1f1290e1783b2f3fadf293585\\output\\res\\drawable-hdpi-v4\\abc_btn_check_to_on_mtrl_015.png"
    },
    {
        "merged": "/Users/HoangNguyen/Library/Mobile Documents/com~apple~CloudDocs/A - AS/AmericanSTEM/C:\\Users\\HoangNguyen\\Desktop\\AmericanSTEM\\app\\build\\intermediates\\res\\merged\\debug\\drawable-hdpi-v4\\abc_menu_hardkey_panel_mtrl_mult.9.png",
        "source": "/Users/HoangNguyen/Library/Mobile Documents/com~apple~CloudDocs/A - AS/AmericanSTEM/C:\\Users\\HoangNguyen\\.android\\build-cache\\43f078533731f46c2275e5cdc867d969f067de91\\output\\res\\drawable-hdpi-v4\\abc_menu_hardkey_panel_mtrl_mult.9.png"
    },
    {
        "merged": "/Users/HoangNguyen/Library/Mobile Documents/com~apple~CloudDocs/A - AS/AmericanSTEM/app/build/intermediates/res/merged/debug/drawable-hdpi-v4/abc_ic_menu_paste_mtrl_am_alpha.png",
        "source": "/Users/HoangNguyen/.android/build-cache/43f078533731f46c2275e5cdc867d969f067de91/output/res/drawable-hdpi-v4/abc_ic_menu_paste_mtrl_am_alpha.png"
    },
    {
        "merged": "/Users/HoangNguyen/Library/Mobile Documents/com~apple~CloudDocs/A - AS/AmericanSTEM/C:\\Users\\Hoang Nguyen\\iCloudDrive\\A - AS\\AmericanSTEM\\app\\build\\intermediates\\res\\merged\\debug\\drawable-hdpi-v4\\abc_ic_menu_copy_mtrl_am_alpha.png",
        "source": "/Users/HoangNguyen/Library/Mobile Documents/com~apple~CloudDocs/A - AS/AmericanSTEM/C:\\Users\\Hoang Nguyen\\.android\\build-cache\\5bb72b998dfd92d1f1290e1783b2f3fadf293585\\output\\res\\drawable-hdpi-v4\\abc_ic_menu_copy_mtrl_am_alpha.png"
    },
    {
        "merged": "/Users/HoangNguyen/Library/Mobile Documents/com~apple~CloudDocs/A - AS/AmericanSTEM/C:\\Users\\HoangNguyen\\Desktop\\AmericanSTEM\\app\\build\\intermediates\\res\\merged\\debug\\drawable-hdpi-v4\\abc_ic_star_half_black_36dp.png",
        "source": "/Users/HoangNguyen/Library/Mobile Documents/com~apple~CloudDocs/A - AS/AmericanSTEM/C:\\Users\\HoangNguyen\\.android\\build-cache\\43f078533731f46c2275e5cdc867d969f067de91\\output\\res\\drawable-hdpi-v4\\abc_ic_star_half_black_36dp.png"
    },
    {
        "merged": "/Users/HoangNguyen/Library/Mobile Documents/com~apple~CloudDocs/A - AS/AmericanSTEM/C:\\Users\\Hoang Nguyen\\iCloudDrive\\A - AS\\AmericanSTEM\\app\\build\\intermediates\\res\\merged\\debug\\drawable-hdpi-v4\\abc_tab_indicator_mtrl_alpha.9.png",
        "source": "/Users/HoangNguyen/Library/Mobile Documents/com~apple~CloudDocs/A - AS/AmericanSTEM/C:\\Users\\Hoang Nguyen\\.android\\build-cache\\5bb72b998dfd92d1f1290e1783b2f3fadf293585\\output\\res\\drawable-hdpi-v4\\abc_tab_indicator_mtrl_alpha.9.png"
    },
    {
        "merged": "/Users/HoangNguyen/Library/Mobile Documents/com~apple~CloudDocs/A - AS/AmericanSTEM/C:\\Users\\HoangNguyen\\Desktop\\AmericanSTEM\\app\\build\\intermediates\\res\\merged\\debug\\drawable-hdpi-v4\\abc_textfield_search_activated_mtrl_alpha.9.png",
        "source": "/Users/HoangNguyen/Library/Mobile Documents/com~apple~CloudDocs/A - AS/AmericanSTEM/C:\\Users\\HoangNguyen\\.android\\build-cache\\43f078533731f46c2275e5cdc867d969f067de91\\output\\res\\drawable-hdpi-v4\\abc_textfield_search_activated_mtrl_alpha.9.png"
    },
    {
        "merged": "/Users/HoangNguyen/Library/Mobile Documents/com~apple~CloudDocs/A - AS/AmericanSTEM/C:\\Users\\HoangNguyen\\Desktop\\AmericanSTEM\\app\\build\\intermediates\\res\\merged\\debug\\drawable-hdpi-v4\\abc_scrubber_control_off_mtrl_alpha.png",
        "source": "/Users/HoangNguyen/Library/Mobile Documents/com~apple~CloudDocs/A - AS/AmericanSTEM/C:\\Users\\HoangNguyen\\.android\\build-cache\\43f078533731f46c2275e5cdc867d969f067de91\\output\\res\\drawable-hdpi-v4\\abc_scrubber_control_off_mtrl_alpha.png"
    },
    {
        "merged": "/Users/HoangNguyen/Library/Mobile Documents/com~apple~CloudDocs/A - AS/AmericanSTEM/C:\\Users\\HoangNguyen\\Desktop\\AmericanSTEM\\app\\build\\intermediates\\res\\merged\\debug\\drawable-hdpi-v4\\abc_list_selector_disabled_holo_dark.9.png",
        "source": "/Users/HoangNguyen/Library/Mobile Documents/com~apple~CloudDocs/A - AS/AmericanSTEM/C:\\Users\\HoangNguyen\\.android\\build-cache\\43f078533731f46c2275e5cdc867d969f067de91\\output\\res\\drawable-hdpi-v4\\abc_list_selector_disabled_holo_dark.9.png"
    },
    {
        "merged": "/Users/HoangNguyen/Library/Mobile Documents/com~apple~CloudDocs/A - AS/AmericanSTEM/C:\\Users\\Hoang Nguyen\\iCloudDrive\\A - AS\\AmericanSTEM\\app\\build\\intermediates\\res\\merged\\debug\\drawable-hdpi-v4\\abc_ic_star_black_36dp.png",
        "source": "/Users/HoangNguyen/Library/Mobile Documents/com~apple~CloudDocs/A - AS/AmericanSTEM/C:\\Users\\Hoang Nguyen\\.android\\build-cache\\5bb72b998dfd92d1f1290e1783b2f3fadf293585\\output\\res\\drawable-hdpi-v4\\abc_ic_star_black_36dp.png"
    },
    {
        "merged": "/Users/HoangNguyen/Library/Mobile Documents/com~apple~CloudDocs/A - AS/AmericanSTEM/C:\\Users\\HoangNguyen\\Desktop\\AmericanSTEM\\app\\build\\intermediates\\res\\merged\\debug\\drawable-hdpi-v4\\abc_ic_search_api_mtrl_alpha.png",
        "source": "/Users/HoangNguyen/Library/Mobile Documents/com~apple~CloudDocs/A - AS/AmericanSTEM/C:\\Users\\HoangNguyen\\.android\\build-cache\\43f078533731f46c2275e5cdc867d969f067de91\\output\\res\\drawable-hdpi-v4\\abc_ic_search_api_mtrl_alpha.png"
    },
    {
        "merged": "/Users/HoangNguyen/Library/Mobile Documents/com~apple~CloudDocs/A - AS/AmericanSTEM/C:\\Users\\Hoang Nguyen\\iCloudDrive\\A - AS\\AmericanSTEM\\app\\build\\intermediates\\res\\merged\\debug\\drawable-hdpi-v4\\abc_list_divider_mtrl_alpha.9.png",
        "source": "/Users/HoangNguyen/Library/Mobile Documents/com~apple~CloudDocs/A - AS/AmericanSTEM/C:\\Users\\Hoang Nguyen\\.android\\build-cache\\5bb72b998dfd92d1f1290e1783b2f3fadf293585\\output\\res\\drawable-hdpi-v4\\abc_list_divider_mtrl_alpha.9.png"
    },
    {
        "merged": "/Users/HoangNguyen/Library/Mobile Documents/com~apple~CloudDocs/A - AS/AmericanSTEM/C:\\Users\\HoangNguyen\\Desktop\\AmericanSTEM\\app\\build\\intermediates\\res\\merged\\debug\\drawable-hdpi-v4\\abc_btn_check_to_on_mtrl_000.png",
        "source": "/Users/HoangNguyen/Library/Mobile Documents/com~apple~CloudDocs/A - AS/AmericanSTEM/C:\\Users\\HoangNguyen\\.android\\build-cache\\43f078533731f46c2275e5cdc867d969f067de91\\output\\res\\drawable-hdpi-v4\\abc_btn_check_to_on_mtrl_000.png"
    },
    {
        "merged": "/Users/HoangNguyen/Library/Mobile Documents/com~apple~CloudDocs/A - AS/AmericanSTEM/C:\\Users\\Hoang Nguyen\\iCloudDrive\\A - AS\\AmericanSTEM\\app\\build\\intermediates\\res\\merged\\debug\\drawable-hdpi-v4\\abc_ic_menu_share_mtrl_alpha.png",
        "source": "/Users/HoangNguyen/Library/Mobile Documents/com~apple~CloudDocs/A - AS/AmericanSTEM/C:\\Users\\Hoang Nguyen\\.android\\build-cache\\5bb72b998dfd92d1f1290e1783b2f3fadf293585\\output\\res\\drawable-hdpi-v4\\abc_ic_menu_share_mtrl_alpha.png"
    },
    {
        "merged": "/Users/HoangNguyen/Library/Mobile Documents/com~apple~CloudDocs/A - AS/AmericanSTEM/C:\\Users\\HoangNguyen\\Desktop\\AmericanSTEM\\app\\build\\intermediates\\res\\merged\\debug\\drawable-hdpi-v4\\abc_list_pressed_holo_light.9.png",
        "source": "/Users/HoangNguyen/Library/Mobile Documents/com~apple~CloudDocs/A - AS/AmericanSTEM/C:\\Users\\HoangNguyen\\.android\\build-cache\\43f078533731f46c2275e5cdc867d969f067de91\\output\\res\\drawable-hdpi-v4\\abc_list_pressed_holo_light.9.png"
    },
    {
        "merged": "/Users/HoangNguyen/Library/Mobile Documents/com~apple~CloudDocs/A - AS/AmericanSTEM/C:\\Users\\Hoang Nguyen\\iCloudDrive\\A - AS\\AmericanSTEM\\app\\build\\intermediates\\res\\merged\\debug\\drawable-hdpi-v4\\abc_ic_menu_cut_mtrl_alpha.png",
        "source": "/Users/HoangNguyen/Library/Mobile Documents/com~apple~CloudDocs/A - AS/AmericanSTEM/C:\\Users\\Hoang Nguyen\\.android\\build-cache\\5bb72b998dfd92d1f1290e1783b2f3fadf293585\\output\\res\\drawable-hdpi-v4\\abc_ic_menu_cut_mtrl_alpha.png"
    },
    {
        "merged": "/Users/HoangNguyen/Library/Mobile Documents/com~apple~CloudDocs/A - AS/AmericanSTEM/app/build/intermediates/res/merged/debug/drawable-hdpi-v4/abc_list_selector_disabled_holo_dark.9.png",
        "source": "/Users/HoangNguyen/.android/build-cache/43f078533731f46c2275e5cdc867d969f067de91/output/res/drawable-hdpi-v4/abc_list_selector_disabled_holo_dark.9.png"
    },
    {
        "merged": "/Users/HoangNguyen/Library/Mobile Documents/com~apple~CloudDocs/A - AS/AmericanSTEM/C:\\Users\\Hoang Nguyen\\iCloudDrive\\A - AS\\AmericanSTEM\\app\\build\\intermediates\\res\\merged\\debug\\drawable-hdpi-v4\\abc_btn_switch_to_on_mtrl_00001.9.png",
        "source": "/Users/HoangNguyen/Library/Mobile Documents/com~apple~CloudDocs/A - AS/AmericanSTEM/C:\\Users\\Hoang Nguyen\\.android\\build-cache\\5bb72b998dfd92d1f1290e1783b2f3fadf293585\\output\\res\\drawable-hdpi-v4\\abc_btn_switch_to_on_mtrl_00001.9.png"
    },
    {
        "merged": "/Users/HoangNguyen/Library/Mobile Documents/com~apple~CloudDocs/A - AS/AmericanSTEM/app/build/intermediates/res/merged/debug/drawable-hdpi-v4/abc_ic_menu_cut_mtrl_alpha.png",
        "source": "/Users/HoangNguyen/.android/build-cache/43f078533731f46c2275e5cdc867d969f067de91/output/res/drawable-hdpi-v4/abc_ic_menu_cut_mtrl_alpha.png"
    },
    {
        "merged": "/Users/HoangNguyen/Library/Mobile Documents/com~apple~CloudDocs/A - AS/AmericanSTEM/app/build/intermediates/res/merged/debug/drawable-hdpi-v4/abc_popup_background_mtrl_mult.9.png",
        "source": "/Users/HoangNguyen/.android/build-cache/43f078533731f46c2275e5cdc867d969f067de91/output/res/drawable-hdpi-v4/abc_popup_background_mtrl_mult.9.png"
    },
    {
        "merged": "/Users/HoangNguyen/Library/Mobile Documents/com~apple~CloudDocs/A - AS/AmericanSTEM/C:\\Users\\HoangNguyen\\Desktop\\AmericanSTEM\\app\\build\\intermediates\\res\\merged\\debug\\drawable-hdpi-v4\\abc_tab_indicator_mtrl_alpha.9.png",
        "source": "/Users/HoangNguyen/Library/Mobile Documents/com~apple~CloudDocs/A - AS/AmericanSTEM/C:\\Users\\HoangNguyen\\.android\\build-cache\\43f078533731f46c2275e5cdc867d969f067de91\\output\\res\\drawable-hdpi-v4\\abc_tab_indicator_mtrl_alpha.9.png"
    },
    {
        "merged": "/Users/HoangNguyen/Library/Mobile Documents/com~apple~CloudDocs/A - AS/AmericanSTEM/C:\\Users\\Hoang Nguyen\\iCloudDrive\\A - AS\\AmericanSTEM\\app\\build\\intermediates\\res\\merged\\debug\\drawable-hdpi-v4\\abc_popup_background_mtrl_mult.9.png",
        "source": "/Users/HoangNguyen/Library/Mobile Documents/com~apple~CloudDocs/A - AS/AmericanSTEM/C:\\Users\\Hoang Nguyen\\.android\\build-cache\\5bb72b998dfd92d1f1290e1783b2f3fadf293585\\output\\res\\drawable-hdpi-v4\\abc_popup_background_mtrl_mult.9.png"
    },
    {
        "merged": "/Users/HoangNguyen/Library/Mobile Documents/com~apple~CloudDocs/A - AS/AmericanSTEM/app/build/intermediates/res/merged/debug/drawable-hdpi-v4/abc_ic_clear_mtrl_alpha.png",
        "source": "/Users/HoangNguyen/.android/build-cache/43f078533731f46c2275e5cdc867d969f067de91/output/res/drawable-hdpi-v4/abc_ic_clear_mtrl_alpha.png"
    },
    {
        "merged": "/Users/HoangNguyen/Library/Mobile Documents/com~apple~CloudDocs/A - AS/AmericanSTEM/app/build/intermediates/res/merged/debug/drawable-hdpi-v4/abc_ic_star_black_16dp.png",
        "source": "/Users/HoangNguyen/.android/build-cache/43f078533731f46c2275e5cdc867d969f067de91/output/res/drawable-hdpi-v4/abc_ic_star_black_16dp.png"
    },
    {
        "merged": "/Users/HoangNguyen/Library/Mobile Documents/com~apple~CloudDocs/A - AS/AmericanSTEM/app/build/intermediates/res/merged/debug/drawable-hdpi-v4/abc_ic_search_api_mtrl_alpha.png",
        "source": "/Users/HoangNguyen/.android/build-cache/43f078533731f46c2275e5cdc867d969f067de91/output/res/drawable-hdpi-v4/abc_ic_search_api_mtrl_alpha.png"
    },
    {
        "merged": "/Users/HoangNguyen/Library/Mobile Documents/com~apple~CloudDocs/A - AS/AmericanSTEM/C:\\Users\\Hoang Nguyen\\iCloudDrive\\A - AS\\AmericanSTEM\\app\\build\\intermediates\\res\\merged\\debug\\drawable-hdpi-v4\\abc_btn_rating_star_on_mtrl_alpha.png",
        "source": "/Users/HoangNguyen/Library/Mobile Documents/com~apple~CloudDocs/A - AS/AmericanSTEM/C:\\Users\\Hoang Nguyen\\.android\\build-cache\\5bb72b998dfd92d1f1290e1783b2f3fadf293585\\output\\res\\drawable-hdpi-v4\\abc_btn_rating_star_on_mtrl_alpha.png"
    },
    {
        "merged": "/Users/HoangNguyen/Library/Mobile Documents/com~apple~CloudDocs/A - AS/AmericanSTEM/C:\\Users\\HoangNguyen\\Desktop\\AmericanSTEM\\app\\build\\intermediates\\res\\merged\\debug\\drawable-hdpi-v4\\abc_btn_switch_to_on_mtrl_00001.9.png",
        "source": "/Users/HoangNguyen/Library/Mobile Documents/com~apple~CloudDocs/A - AS/AmericanSTEM/C:\\Users\\HoangNguyen\\.android\\build-cache\\43f078533731f46c2275e5cdc867d969f067de91\\output\\res\\drawable-hdpi-v4\\abc_btn_switch_to_on_mtrl_00001.9.png"
    },
    {
        "merged": "/Users/HoangNguyen/Library/Mobile Documents/com~apple~CloudDocs/A - AS/AmericanSTEM/app/build/intermediates/res/merged/debug/drawable-hdpi-v4/abc_scrubber_control_to_pressed_mtrl_000.png",
        "source": "/Users/HoangNguyen/.android/build-cache/43f078533731f46c2275e5cdc867d969f067de91/output/res/drawable-hdpi-v4/abc_scrubber_control_to_pressed_mtrl_000.png"
    },
    {
        "merged": "/Users/HoangNguyen/Library/Mobile Documents/com~apple~CloudDocs/A - AS/AmericanSTEM/C:\\Users\\HoangNguyen\\Desktop\\AmericanSTEM\\app\\build\\intermediates\\res\\merged\\debug\\drawable-hdpi-v4\\abc_ic_menu_copy_mtrl_am_alpha.png",
        "source": "/Users/HoangNguyen/Library/Mobile Documents/com~apple~CloudDocs/A - AS/AmericanSTEM/C:\\Users\\HoangNguyen\\.android\\build-cache\\43f078533731f46c2275e5cdc867d969f067de91\\output\\res\\drawable-hdpi-v4\\abc_ic_menu_copy_mtrl_am_alpha.png"
    },
    {
        "merged": "/Users/HoangNguyen/Library/Mobile Documents/com~apple~CloudDocs/A - AS/AmericanSTEM/C:\\Users\\HoangNguyen\\Desktop\\AmericanSTEM\\app\\build\\intermediates\\res\\merged\\debug\\drawable-hdpi-v4\\abc_ic_menu_cut_mtrl_alpha.png",
        "source": "/Users/HoangNguyen/Library/Mobile Documents/com~apple~CloudDocs/A - AS/AmericanSTEM/C:\\Users\\HoangNguyen\\.android\\build-cache\\43f078533731f46c2275e5cdc867d969f067de91\\output\\res\\drawable-hdpi-v4\\abc_ic_menu_cut_mtrl_alpha.png"
    },
    {
        "merged": "/Users/HoangNguyen/Library/Mobile Documents/com~apple~CloudDocs/A - AS/AmericanSTEM/C:\\Users\\Hoang Nguyen\\iCloudDrive\\A - AS\\AmericanSTEM\\app\\build\\intermediates\\res\\merged\\debug\\drawable-hdpi-v4\\abc_list_pressed_holo_light.9.png",
        "source": "/Users/HoangNguyen/Library/Mobile Documents/com~apple~CloudDocs/A - AS/AmericanSTEM/C:\\Users\\Hoang Nguyen\\.android\\build-cache\\5bb72b998dfd92d1f1290e1783b2f3fadf293585\\output\\res\\drawable-hdpi-v4\\abc_list_pressed_holo_light.9.png"
    },
    {
        "merged": "/Users/HoangNguyen/Library/Mobile Documents/com~apple~CloudDocs/A - AS/AmericanSTEM/app/build/intermediates/res/merged/debug/drawable-hdpi-v4/abc_ic_menu_selectall_mtrl_alpha.png",
        "source": "/Users/HoangNguyen/.android/build-cache/43f078533731f46c2275e5cdc867d969f067de91/output/res/drawable-hdpi-v4/abc_ic_menu_selectall_mtrl_alpha.png"
    },
    {
        "merged": "/Users/HoangNguyen/Library/Mobile Documents/com~apple~CloudDocs/A - AS/AmericanSTEM/app/build/intermediates/res/merged/debug/drawable-hdpi-v4/abc_switch_track_mtrl_alpha.9.png",
        "source": "/Users/HoangNguyen/.android/build-cache/43f078533731f46c2275e5cdc867d969f067de91/output/res/drawable-hdpi-v4/abc_switch_track_mtrl_alpha.9.png"
    },
    {
        "merged": "/Users/HoangNguyen/Library/Mobile Documents/com~apple~CloudDocs/A - AS/AmericanSTEM/C:\\Users\\HoangNguyen\\Desktop\\AmericanSTEM\\app\\build\\intermediates\\res\\merged\\debug\\drawable-hdpi-v4\\abc_textfield_default_mtrl_alpha.9.png",
        "source": "/Users/HoangNguyen/Library/Mobile Documents/com~apple~CloudDocs/A - AS/AmericanSTEM/C:\\Users\\HoangNguyen\\.android\\build-cache\\43f078533731f46c2275e5cdc867d969f067de91\\output\\res\\drawable-hdpi-v4\\abc_textfield_default_mtrl_alpha.9.png"
    },
    {
        "merged": "/Users/HoangNguyen/Library/Mobile Documents/com~apple~CloudDocs/A - AS/AmericanSTEM/C:\\Users\\HoangNguyen\\Desktop\\AmericanSTEM\\app\\build\\intermediates\\res\\merged\\debug\\drawable-hdpi-v4\\abc_cab_background_top_mtrl_alpha.9.png",
        "source": "/Users/HoangNguyen/Library/Mobile Documents/com~apple~CloudDocs/A - AS/AmericanSTEM/C:\\Users\\HoangNguyen\\.android\\build-cache\\43f078533731f46c2275e5cdc867d969f067de91\\output\\res\\drawable-hdpi-v4\\abc_cab_background_top_mtrl_alpha.9.png"
    },
    {
        "merged": "/Users/HoangNguyen/Library/Mobile Documents/com~apple~CloudDocs/A - AS/AmericanSTEM/C:\\Users\\HoangNguyen\\Desktop\\AmericanSTEM\\app\\build\\intermediates\\res\\merged\\debug\\drawable-hdpi-v4\\abc_ic_menu_share_mtrl_alpha.png",
        "source": "/Users/HoangNguyen/Library/Mobile Documents/com~apple~CloudDocs/A - AS/AmericanSTEM/C:\\Users\\HoangNguyen\\.android\\build-cache\\43f078533731f46c2275e5cdc867d969f067de91\\output\\res\\drawable-hdpi-v4\\abc_ic_menu_share_mtrl_alpha.png"
    },
    {
        "merged": "/Users/HoangNguyen/Library/Mobile Documents/com~apple~CloudDocs/A - AS/AmericanSTEM/app/build/intermediates/res/merged/debug/drawable-hdpi-v4/abc_scrubber_primary_mtrl_alpha.9.png",
        "source": "/Users/HoangNguyen/.android/build-cache/43f078533731f46c2275e5cdc867d969f067de91/output/res/drawable-hdpi-v4/abc_scrubber_primary_mtrl_alpha.9.png"
    },
    {
        "merged": "/Users/HoangNguyen/Library/Mobile Documents/com~apple~CloudDocs/A - AS/AmericanSTEM/app/build/intermediates/res/merged/debug/drawable-hdpi-v4/abc_ic_star_half_black_16dp.png",
        "source": "/Users/HoangNguyen/.android/build-cache/43f078533731f46c2275e5cdc867d969f067de91/output/res/drawable-hdpi-v4/abc_ic_star_half_black_16dp.png"
    },
    {
        "merged": "/Users/HoangNguyen/Library/Mobile Documents/com~apple~CloudDocs/A - AS/AmericanSTEM/C:\\Users\\HoangNguyen\\Desktop\\AmericanSTEM\\app\\build\\intermediates\\res\\merged\\debug\\drawable-hdpi-v4\\abc_btn_check_to_on_mtrl_015.png",
        "source": "/Users/HoangNguyen/Library/Mobile Documents/com~apple~CloudDocs/A - AS/AmericanSTEM/C:\\Users\\HoangNguyen\\.android\\build-cache\\43f078533731f46c2275e5cdc867d969f067de91\\output\\res\\drawable-hdpi-v4\\abc_btn_check_to_on_mtrl_015.png"
    },
    {
        "merged": "/Users/HoangNguyen/Library/Mobile Documents/com~apple~CloudDocs/A - AS/AmericanSTEM/C:\\Users\\Hoang Nguyen\\iCloudDrive\\A - AS\\AmericanSTEM\\app\\build\\intermediates\\res\\merged\\debug\\drawable-hdpi-v4\\abc_list_focused_holo.9.png",
        "source": "/Users/HoangNguyen/Library/Mobile Documents/com~apple~CloudDocs/A - AS/AmericanSTEM/C:\\Users\\Hoang Nguyen\\.android\\build-cache\\5bb72b998dfd92d1f1290e1783b2f3fadf293585\\output\\res\\drawable-hdpi-v4\\abc_list_focused_holo.9.png"
    },
    {
        "merged": "/Users/HoangNguyen/Library/Mobile Documents/com~apple~CloudDocs/A - AS/AmericanSTEM/C:\\Users\\HoangNguyen\\Desktop\\AmericanSTEM\\app\\build\\intermediates\\res\\merged\\debug\\drawable-hdpi-v4\\abc_list_divider_mtrl_alpha.9.png",
        "source": "/Users/HoangNguyen/Library/Mobile Documents/com~apple~CloudDocs/A - AS/AmericanSTEM/C:\\Users\\HoangNguyen\\.android\\build-cache\\43f078533731f46c2275e5cdc867d969f067de91\\output\\res\\drawable-hdpi-v4\\abc_list_divider_mtrl_alpha.9.png"
    },
    {
        "merged": "/Users/HoangNguyen/Library/Mobile Documents/com~apple~CloudDocs/A - AS/AmericanSTEM/C:\\Users\\Hoang Nguyen\\iCloudDrive\\A - AS\\AmericanSTEM\\app\\build\\intermediates\\res\\merged\\debug\\drawable-hdpi-v4\\abc_textfield_search_activated_mtrl_alpha.9.png",
        "source": "/Users/HoangNguyen/Library/Mobile Documents/com~apple~CloudDocs/A - AS/AmericanSTEM/C:\\Users\\Hoang Nguyen\\.android\\build-cache\\5bb72b998dfd92d1f1290e1783b2f3fadf293585\\output\\res\\drawable-hdpi-v4\\abc_textfield_search_activated_mtrl_alpha.9.png"
    },
    {
        "merged": "/Users/HoangNguyen/Library/Mobile Documents/com~apple~CloudDocs/A - AS/AmericanSTEM/C:\\Users\\HoangNguyen\\Desktop\\AmericanSTEM\\app\\build\\intermediates\\res\\merged\\debug\\drawable-hdpi-v4\\abc_ic_clear_mtrl_alpha.png",
        "source": "/Users/HoangNguyen/Library/Mobile Documents/com~apple~CloudDocs/A - AS/AmericanSTEM/C:\\Users\\HoangNguyen\\.android\\build-cache\\43f078533731f46c2275e5cdc867d969f067de91\\output\\res\\drawable-hdpi-v4\\abc_ic_clear_mtrl_alpha.png"
    },
    {
        "merged": "/Users/HoangNguyen/Library/Mobile Documents/com~apple~CloudDocs/A - AS/AmericanSTEM/app/build/intermediates/res/merged/debug/drawable-hdpi-v4/abc_cab_background_top_mtrl_alpha.9.png",
        "source": "/Users/HoangNguyen/.android/build-cache/43f078533731f46c2275e5cdc867d969f067de91/output/res/drawable-hdpi-v4/abc_cab_background_top_mtrl_alpha.9.png"
    },
    {
        "merged": "/Users/HoangNguyen/Library/Mobile Documents/com~apple~CloudDocs/A - AS/AmericanSTEM/C:\\Users\\Hoang Nguyen\\iCloudDrive\\A - AS\\AmericanSTEM\\app\\build\\intermediates\\res\\merged\\debug\\drawable-hdpi-v4\\abc_textfield_activated_mtrl_alpha.9.png",
        "source": "/Users/HoangNguyen/Library/Mobile Documents/com~apple~CloudDocs/A - AS/AmericanSTEM/C:\\Users\\Hoang Nguyen\\.android\\build-cache\\5bb72b998dfd92d1f1290e1783b2f3fadf293585\\output\\res\\drawable-hdpi-v4\\abc_textfield_activated_mtrl_alpha.9.png"
    },
    {
        "merged": "/Users/HoangNguyen/Library/Mobile Documents/com~apple~CloudDocs/A - AS/AmericanSTEM/app/build/intermediates/res/merged/debug/drawable-hdpi-v4/abc_btn_rating_star_off_mtrl_alpha.png",
        "source": "/Users/HoangNguyen/.android/build-cache/43f078533731f46c2275e5cdc867d969f067de91/output/res/drawable-hdpi-v4/abc_btn_rating_star_off_mtrl_alpha.png"
    },
    {
        "merged": "/Users/HoangNguyen/Library/Mobile Documents/com~apple~CloudDocs/A - AS/AmericanSTEM/C:\\Users\\HoangNguyen\\Desktop\\AmericanSTEM\\app\\build\\intermediates\\res\\merged\\debug\\drawable-hdpi-v4\\abc_ic_star_black_16dp.png",
        "source": "/Users/HoangNguyen/Library/Mobile Documents/com~apple~CloudDocs/A - AS/AmericanSTEM/C:\\Users\\HoangNguyen\\.android\\build-cache\\43f078533731f46c2275e5cdc867d969f067de91\\output\\res\\drawable-hdpi-v4\\abc_ic_star_black_16dp.png"
    },
    {
        "merged": "/Users/HoangNguyen/Library/Mobile Documents/com~apple~CloudDocs/A - AS/AmericanSTEM/app/build/intermediates/res/merged/debug/drawable-hdpi-v4/abc_ic_ab_back_mtrl_am_alpha.png",
        "source": "/Users/HoangNguyen/.android/build-cache/43f078533731f46c2275e5cdc867d969f067de91/output/res/drawable-hdpi-v4/abc_ic_ab_back_mtrl_am_alpha.png"
    },
    {
        "merged": "/Users/HoangNguyen/Library/Mobile Documents/com~apple~CloudDocs/A - AS/AmericanSTEM/C:\\Users\\Hoang Nguyen\\iCloudDrive\\A - AS\\AmericanSTEM\\app\\build\\intermediates\\res\\merged\\debug\\drawable-hdpi-v4\\abc_scrubber_control_to_pressed_mtrl_000.png",
        "source": "/Users/HoangNguyen/Library/Mobile Documents/com~apple~CloudDocs/A - AS/AmericanSTEM/C:\\Users\\Hoang Nguyen\\.android\\build-cache\\5bb72b998dfd92d1f1290e1783b2f3fadf293585\\output\\res\\drawable-hdpi-v4\\abc_scrubber_control_to_pressed_mtrl_000.png"
    },
    {
        "merged": "/Users/HoangNguyen/Library/Mobile Documents/com~apple~CloudDocs/A - AS/AmericanSTEM/C:\\Users\\HoangNguyen\\Desktop\\AmericanSTEM\\app\\build\\intermediates\\res\\merged\\debug\\drawable-hdpi-v4\\abc_btn_radio_to_on_mtrl_015.png",
        "source": "/Users/HoangNguyen/Library/Mobile Documents/com~apple~CloudDocs/A - AS/AmericanSTEM/C:\\Users\\HoangNguyen\\.android\\build-cache\\43f078533731f46c2275e5cdc867d969f067de91\\output\\res\\drawable-hdpi-v4\\abc_btn_radio_to_on_mtrl_015.png"
    },
    {
        "merged": "/Users/HoangNguyen/Library/Mobile Documents/com~apple~CloudDocs/A - AS/AmericanSTEM/C:\\Users\\Hoang Nguyen\\iCloudDrive\\A - AS\\AmericanSTEM\\app\\build\\intermediates\\res\\merged\\debug\\drawable-hdpi-v4\\abc_list_longpressed_holo.9.png",
        "source": "/Users/HoangNguyen/Library/Mobile Documents/com~apple~CloudDocs/A - AS/AmericanSTEM/C:\\Users\\Hoang Nguyen\\.android\\build-cache\\5bb72b998dfd92d1f1290e1783b2f3fadf293585\\output\\res\\drawable-hdpi-v4\\abc_list_longpressed_holo.9.png"
    },
    {
        "merged": "/Users/HoangNguyen/Library/Mobile Documents/com~apple~CloudDocs/A - AS/AmericanSTEM/app/build/intermediates/res/merged/debug/drawable-hdpi-v4/abc_tab_indicator_mtrl_alpha.9.png",
        "source": "/Users/HoangNguyen/.android/build-cache/43f078533731f46c2275e5cdc867d969f067de91/output/res/drawable-hdpi-v4/abc_tab_indicator_mtrl_alpha.9.png"
    },
    {
        "merged": "/Users/HoangNguyen/Library/Mobile Documents/com~apple~CloudDocs/A - AS/AmericanSTEM/C:\\Users\\HoangNguyen\\Desktop\\AmericanSTEM\\app\\build\\intermediates\\res\\merged\\debug\\drawable-hdpi-v4\\abc_ic_go_search_api_mtrl_alpha.png",
        "source": "/Users/HoangNguyen/Library/Mobile Documents/com~apple~CloudDocs/A - AS/AmericanSTEM/C:\\Users\\HoangNguyen\\.android\\build-cache\\43f078533731f46c2275e5cdc867d969f067de91\\output\\res\\drawable-hdpi-v4\\abc_ic_go_search_api_mtrl_alpha.png"
    },
    {
        "merged": "/Users/HoangNguyen/Library/Mobile Documents/com~apple~CloudDocs/A - AS/AmericanSTEM/app/build/intermediates/res/merged/debug/drawable-hdpi-v4/abc_ic_menu_share_mtrl_alpha.png",
        "source": "/Users/HoangNguyen/.android/build-cache/43f078533731f46c2275e5cdc867d969f067de91/output/res/drawable-hdpi-v4/abc_ic_menu_share_mtrl_alpha.png"
    },
    {
        "merged": "/Users/HoangNguyen/Library/Mobile Documents/com~apple~CloudDocs/A - AS/AmericanSTEM/C:\\Users\\HoangNguyen\\Desktop\\AmericanSTEM\\app\\build\\intermediates\\res\\merged\\debug\\drawable-hdpi-v4\\abc_btn_rating_star_off_mtrl_alpha.png",
        "source": "/Users/HoangNguyen/Library/Mobile Documents/com~apple~CloudDocs/A - AS/AmericanSTEM/C:\\Users\\HoangNguyen\\.android\\build-cache\\43f078533731f46c2275e5cdc867d969f067de91\\output\\res\\drawable-hdpi-v4\\abc_btn_rating_star_off_mtrl_alpha.png"
    },
    {
        "merged": "/Users/HoangNguyen/Library/Mobile Documents/com~apple~CloudDocs/A - AS/AmericanSTEM/C:\\Users\\Hoang Nguyen\\iCloudDrive\\A - AS\\AmericanSTEM\\app\\build\\intermediates\\res\\merged\\debug\\drawable-hdpi-v4\\abc_ic_star_half_black_16dp.png",
        "source": "/Users/HoangNguyen/Library/Mobile Documents/com~apple~CloudDocs/A - AS/AmericanSTEM/C:\\Users\\Hoang Nguyen\\.android\\build-cache\\5bb72b998dfd92d1f1290e1783b2f3fadf293585\\output\\res\\drawable-hdpi-v4\\abc_ic_star_half_black_16dp.png"
    },
    {
        "merged": "/Users/HoangNguyen/Library/Mobile Documents/com~apple~CloudDocs/A - AS/AmericanSTEM/C:\\Users\\HoangNguyen\\Desktop\\AmericanSTEM\\app\\build\\intermediates\\res\\merged\\debug\\drawable-hdpi-v4\\abc_ic_menu_moreoverflow_mtrl_alpha.png",
        "source": "/Users/HoangNguyen/Library/Mobile Documents/com~apple~CloudDocs/A - AS/AmericanSTEM/C:\\Users\\HoangNguyen\\.android\\build-cache\\43f078533731f46c2275e5cdc867d969f067de91\\output\\res\\drawable-hdpi-v4\\abc_ic_menu_moreoverflow_mtrl_alpha.png"
    },
    {
        "merged": "/Users/HoangNguyen/Library/Mobile Documents/com~apple~CloudDocs/A - AS/AmericanSTEM/C:\\Users\\Hoang Nguyen\\iCloudDrive\\A - AS\\AmericanSTEM\\app\\build\\intermediates\\res\\merged\\debug\\drawable-hdpi-v4\\abc_scrubber_control_to_pressed_mtrl_005.png",
        "source": "/Users/HoangNguyen/Library/Mobile Documents/com~apple~CloudDocs/A - AS/AmericanSTEM/C:\\Users\\Hoang Nguyen\\.android\\build-cache\\5bb72b998dfd92d1f1290e1783b2f3fadf293585\\output\\res\\drawable-hdpi-v4\\abc_scrubber_control_to_pressed_mtrl_005.png"
    },
    {
        "merged": "/Users/HoangNguyen/Library/Mobile Documents/com~apple~CloudDocs/A - AS/AmericanSTEM/C:\\Users\\HoangNguyen\\Desktop\\AmericanSTEM\\app\\build\\intermediates\\res\\merged\\debug\\drawable-hdpi-v4\\abc_scrubber_control_to_pressed_mtrl_000.png",
        "source": "/Users/HoangNguyen/Library/Mobile Documents/com~apple~CloudDocs/A - AS/AmericanSTEM/C:\\Users\\HoangNguyen\\.android\\build-cache\\43f078533731f46c2275e5cdc867d969f067de91\\output\\res\\drawable-hdpi-v4\\abc_scrubber_control_to_pressed_mtrl_000.png"
    },
    {
        "merged": "/Users/HoangNguyen/Library/Mobile Documents/com~apple~CloudDocs/A - AS/AmericanSTEM/C:\\Users\\HoangNguyen\\Desktop\\AmericanSTEM\\app\\build\\intermediates\\res\\merged\\debug\\drawable-hdpi-v4\\abc_ic_menu_selectall_mtrl_alpha.png",
        "source": "/Users/HoangNguyen/Library/Mobile Documents/com~apple~CloudDocs/A - AS/AmericanSTEM/C:\\Users\\HoangNguyen\\.android\\build-cache\\43f078533731f46c2275e5cdc867d969f067de91\\output\\res\\drawable-hdpi-v4\\abc_ic_menu_selectall_mtrl_alpha.png"
    },
    {
        "merged": "/Users/HoangNguyen/Library/Mobile Documents/com~apple~CloudDocs/A - AS/AmericanSTEM/app/build/intermediates/res/merged/debug/drawable-hdpi-v4/abc_ic_menu_copy_mtrl_am_alpha.png",
        "source": "/Users/HoangNguyen/.android/build-cache/43f078533731f46c2275e5cdc867d969f067de91/output/res/drawable-hdpi-v4/abc_ic_menu_copy_mtrl_am_alpha.png"
    },
    {
        "merged": "/Users/HoangNguyen/Library/Mobile Documents/com~apple~CloudDocs/A - AS/AmericanSTEM/C:\\Users\\HoangNguyen\\Desktop\\AmericanSTEM\\app\\build\\intermediates\\res\\merged\\debug\\drawable-hdpi-v4\\abc_list_pressed_holo_dark.9.png",
        "source": "/Users/HoangNguyen/Library/Mobile Documents/com~apple~CloudDocs/A - AS/AmericanSTEM/C:\\Users\\HoangNguyen\\.android\\build-cache\\43f078533731f46c2275e5cdc867d969f067de91\\output\\res\\drawable-hdpi-v4\\abc_list_pressed_holo_dark.9.png"
    },
    {
        "merged": "/Users/HoangNguyen/Library/Mobile Documents/com~apple~CloudDocs/A - AS/AmericanSTEM/app/build/intermediates/res/merged/debug/drawable-hdpi-v4/abc_menu_hardkey_panel_mtrl_mult.9.png",
        "source": "/Users/HoangNguyen/.android/build-cache/43f078533731f46c2275e5cdc867d969f067de91/output/res/drawable-hdpi-v4/abc_menu_hardkey_panel_mtrl_mult.9.png"
    },
    {
        "merged": "/Users/HoangNguyen/Library/Mobile Documents/com~apple~CloudDocs/A - AS/AmericanSTEM/app/build/intermediates/res/merged/debug/drawable-hdpi-v4/abc_list_pressed_holo_light.9.png",
        "source": "/Users/HoangNguyen/.android/build-cache/43f078533731f46c2275e5cdc867d969f067de91/output/res/drawable-hdpi-v4/abc_list_pressed_holo_light.9.png"
    },
    {
        "merged": "/Users/HoangNguyen/Library/Mobile Documents/com~apple~CloudDocs/A - AS/AmericanSTEM/C:\\Users\\HoangNguyen\\Desktop\\AmericanSTEM\\app\\build\\intermediates\\res\\merged\\debug\\drawable-hdpi-v4\\abc_spinner_mtrl_am_alpha.9.png",
        "source": "/Users/HoangNguyen/Library/Mobile Documents/com~apple~CloudDocs/A - AS/AmericanSTEM/C:\\Users\\HoangNguyen\\.android\\build-cache\\43f078533731f46c2275e5cdc867d969f067de91\\output\\res\\drawable-hdpi-v4\\abc_spinner_mtrl_am_alpha.9.png"
    },
    {
        "merged": "/Users/HoangNguyen/Library/Mobile Documents/com~apple~CloudDocs/A - AS/AmericanSTEM/C:\\Users\\HoangNguyen\\Desktop\\AmericanSTEM\\app\\build\\intermediates\\res\\merged\\debug\\drawable-hdpi-v4\\abc_ic_voice_search_api_mtrl_alpha.png",
        "source": "/Users/HoangNguyen/Library/Mobile Documents/com~apple~CloudDocs/A - AS/AmericanSTEM/C:\\Users\\HoangNguyen\\.android\\build-cache\\43f078533731f46c2275e5cdc867d969f067de91\\output\\res\\drawable-hdpi-v4\\abc_ic_voice_search_api_mtrl_alpha.png"
    },
    {
        "merged": "/Users/HoangNguyen/Library/Mobile Documents/com~apple~CloudDocs/A - AS/AmericanSTEM/app/build/intermediates/res/merged/debug/drawable-hdpi-v4/abc_btn_radio_to_on_mtrl_000.png",
        "source": "/Users/HoangNguyen/.android/build-cache/43f078533731f46c2275e5cdc867d969f067de91/output/res/drawable-hdpi-v4/abc_btn_radio_to_on_mtrl_000.png"
    },
    {
        "merged": "/Users/HoangNguyen/Library/Mobile Documents/com~apple~CloudDocs/A - AS/AmericanSTEM/C:\\Users\\HoangNguyen\\Desktop\\AmericanSTEM\\app\\build\\intermediates\\res\\merged\\debug\\drawable-hdpi-v4\\abc_switch_track_mtrl_alpha.9.png",
        "source": "/Users/HoangNguyen/Library/Mobile Documents/com~apple~CloudDocs/A - AS/AmericanSTEM/C:\\Users\\HoangNguyen\\.android\\build-cache\\43f078533731f46c2275e5cdc867d969f067de91\\output\\res\\drawable-hdpi-v4\\abc_switch_track_mtrl_alpha.9.png"
    },
    {
        "merged": "/Users/HoangNguyen/Library/Mobile Documents/com~apple~CloudDocs/A - AS/AmericanSTEM/app/build/intermediates/res/merged/debug/drawable-hdpi-v4/abc_list_selector_disabled_holo_light.9.png",
        "source": "/Users/HoangNguyen/.android/build-cache/43f078533731f46c2275e5cdc867d969f067de91/output/res/drawable-hdpi-v4/abc_list_selector_disabled_holo_light.9.png"
    },
    {
        "merged": "/Users/HoangNguyen/Library/Mobile Documents/com~apple~CloudDocs/A - AS/AmericanSTEM/app/build/intermediates/res/merged/debug/drawable-hdpi-v4/abc_btn_rating_star_on_mtrl_alpha.png",
        "source": "/Users/HoangNguyen/.android/build-cache/43f078533731f46c2275e5cdc867d969f067de91/output/res/drawable-hdpi-v4/abc_btn_rating_star_on_mtrl_alpha.png"
    },
    {
        "merged": "/Users/HoangNguyen/Library/Mobile Documents/com~apple~CloudDocs/A - AS/AmericanSTEM/app/build/intermediates/res/merged/debug/drawable-hdpi-v4/abc_textfield_activated_mtrl_alpha.9.png",
        "source": "/Users/HoangNguyen/.android/build-cache/43f078533731f46c2275e5cdc867d969f067de91/output/res/drawable-hdpi-v4/abc_textfield_activated_mtrl_alpha.9.png"
    },
    {
        "merged": "/Users/HoangNguyen/Library/Mobile Documents/com~apple~CloudDocs/A - AS/AmericanSTEM/C:\\Users\\Hoang Nguyen\\iCloudDrive\\A - AS\\AmericanSTEM\\app\\build\\intermediates\\res\\merged\\debug\\drawable-hdpi-v4\\abc_ic_commit_search_api_mtrl_alpha.png",
        "source": "/Users/HoangNguyen/Library/Mobile Documents/com~apple~CloudDocs/A - AS/AmericanSTEM/C:\\Users\\Hoang Nguyen\\.android\\build-cache\\5bb72b998dfd92d1f1290e1783b2f3fadf293585\\output\\res\\drawable-hdpi-v4\\abc_ic_commit_search_api_mtrl_alpha.png"
    },
    {
        "merged": "/Users/HoangNguyen/Library/Mobile Documents/com~apple~CloudDocs/A - AS/AmericanSTEM/C:\\Users\\HoangNguyen\\Desktop\\AmericanSTEM\\app\\build\\intermediates\\res\\merged\\debug\\drawable-hdpi-v4\\abc_ic_ab_back_mtrl_am_alpha.png",
        "source": "/Users/HoangNguyen/Library/Mobile Documents/com~apple~CloudDocs/A - AS/AmericanSTEM/C:\\Users\\HoangNguyen\\.android\\build-cache\\43f078533731f46c2275e5cdc867d969f067de91\\output\\res\\drawable-hdpi-v4\\abc_ic_ab_back_mtrl_am_alpha.png"
    },
    {
        "merged": "/Users/HoangNguyen/Library/Mobile Documents/com~apple~CloudDocs/A - AS/AmericanSTEM/app/build/intermediates/res/merged/debug/drawable-hdpi-v4/abc_btn_radio_to_on_mtrl_015.png",
        "source": "/Users/HoangNguyen/.android/build-cache/43f078533731f46c2275e5cdc867d969f067de91/output/res/drawable-hdpi-v4/abc_btn_radio_to_on_mtrl_015.png"
    },
    {
        "merged": "/Users/HoangNguyen/Library/Mobile Documents/com~apple~CloudDocs/A - AS/AmericanSTEM/C:\\Users\\HoangNguyen\\Desktop\\AmericanSTEM\\app\\build\\intermediates\\res\\merged\\debug\\drawable-hdpi-v4\\abc_list_longpressed_holo.9.png",
        "source": "/Users/HoangNguyen/Library/Mobile Documents/com~apple~CloudDocs/A - AS/AmericanSTEM/C:\\Users\\HoangNguyen\\.android\\build-cache\\43f078533731f46c2275e5cdc867d969f067de91\\output\\res\\drawable-hdpi-v4\\abc_list_longpressed_holo.9.png"
    },
    {
        "merged": "/Users/HoangNguyen/Library/Mobile Documents/com~apple~CloudDocs/A - AS/AmericanSTEM/C:\\Users\\HoangNguyen\\Desktop\\AmericanSTEM\\app\\build\\intermediates\\res\\merged\\debug\\drawable-hdpi-v4\\abc_btn_rating_star_on_mtrl_alpha.png",
        "source": "/Users/HoangNguyen/Library/Mobile Documents/com~apple~CloudDocs/A - AS/AmericanSTEM/C:\\Users\\HoangNguyen\\.android\\build-cache\\43f078533731f46c2275e5cdc867d969f067de91\\output\\res\\drawable-hdpi-v4\\abc_btn_rating_star_on_mtrl_alpha.png"
    },
    {
        "merged": "/Users/HoangNguyen/Library/Mobile Documents/com~apple~CloudDocs/A - AS/AmericanSTEM/C:\\Users\\Hoang Nguyen\\iCloudDrive\\A - AS\\AmericanSTEM\\app\\build\\intermediates\\res\\merged\\debug\\drawable-hdpi-v4\\abc_list_selector_disabled_holo_light.9.png",
        "source": "/Users/HoangNguyen/Library/Mobile Documents/com~apple~CloudDocs/A - AS/AmericanSTEM/C:\\Users\\Hoang Nguyen\\.android\\build-cache\\5bb72b998dfd92d1f1290e1783b2f3fadf293585\\output\\res\\drawable-hdpi-v4\\abc_list_selector_disabled_holo_light.9.png"
    },
    {
        "merged": "/Users/HoangNguyen/Library/Mobile Documents/com~apple~CloudDocs/A - AS/AmericanSTEM/C:\\Users\\HoangNguyen\\Desktop\\AmericanSTEM\\app\\build\\intermediates\\res\\merged\\debug\\drawable-hdpi-v4\\abc_ic_commit_search_api_mtrl_alpha.png",
        "source": "/Users/HoangNguyen/Library/Mobile Documents/com~apple~CloudDocs/A - AS/AmericanSTEM/C:\\Users\\HoangNguyen\\.android\\build-cache\\43f078533731f46c2275e5cdc867d969f067de91\\output\\res\\drawable-hdpi-v4\\abc_ic_commit_search_api_mtrl_alpha.png"
    },
    {
        "merged": "/Users/HoangNguyen/Library/Mobile Documents/com~apple~CloudDocs/A - AS/AmericanSTEM/C:\\Users\\Hoang Nguyen\\iCloudDrive\\A - AS\\AmericanSTEM\\app\\build\\intermediates\\res\\merged\\debug\\drawable-hdpi-v4\\abc_textfield_search_default_mtrl_alpha.9.png",
        "source": "/Users/HoangNguyen/Library/Mobile Documents/com~apple~CloudDocs/A - AS/AmericanSTEM/C:\\Users\\Hoang Nguyen\\.android\\build-cache\\5bb72b998dfd92d1f1290e1783b2f3fadf293585\\output\\res\\drawable-hdpi-v4\\abc_textfield_search_default_mtrl_alpha.9.png"
    },
    {
        "merged": "/Users/HoangNguyen/Library/Mobile Documents/com~apple~CloudDocs/A - AS/AmericanSTEM/C:\\Users\\HoangNguyen\\Desktop\\AmericanSTEM\\app\\build\\intermediates\\res\\merged\\debug\\drawable-hdpi-v4\\abc_scrubber_track_mtrl_alpha.9.png",
        "source": "/Users/HoangNguyen/Library/Mobile Documents/com~apple~CloudDocs/A - AS/AmericanSTEM/C:\\Users\\HoangNguyen\\.android\\build-cache\\43f078533731f46c2275e5cdc867d969f067de91\\output\\res\\drawable-hdpi-v4\\abc_scrubber_track_mtrl_alpha.9.png"
    },
    {
        "merged": "/Users/HoangNguyen/Library/Mobile Documents/com~apple~CloudDocs/A - AS/AmericanSTEM/app/build/intermediates/res/merged/debug/drawable-hdpi-v4/abc_scrubber_control_off_mtrl_alpha.png",
        "source": "/Users/HoangNguyen/.android/build-cache/43f078533731f46c2275e5cdc867d969f067de91/output/res/drawable-hdpi-v4/abc_scrubber_control_off_mtrl_alpha.png"
    },
    {
        "merged": "/Users/HoangNguyen/Library/Mobile Documents/com~apple~CloudDocs/A - AS/AmericanSTEM/C:\\Users\\HoangNguyen\\Desktop\\AmericanSTEM\\app\\build\\intermediates\\res\\merged\\debug\\drawable-hdpi-v4\\abc_popup_background_mtrl_mult.9.png",
        "source": "/Users/HoangNguyen/Library/Mobile Documents/com~apple~CloudDocs/A - AS/AmericanSTEM/C:\\Users\\HoangNguyen\\.android\\build-cache\\43f078533731f46c2275e5cdc867d969f067de91\\output\\res\\drawable-hdpi-v4\\abc_popup_background_mtrl_mult.9.png"
    },
    {
        "merged": "/Users/HoangNguyen/Library/Mobile Documents/com~apple~CloudDocs/A - AS/AmericanSTEM/C:\\Users\\Hoang Nguyen\\iCloudDrive\\A - AS\\AmericanSTEM\\app\\build\\intermediates\\res\\merged\\debug\\drawable-hdpi-v4\\abc_ic_star_black_16dp.png",
        "source": "/Users/HoangNguyen/Library/Mobile Documents/com~apple~CloudDocs/A - AS/AmericanSTEM/C:\\Users\\Hoang Nguyen\\.android\\build-cache\\5bb72b998dfd92d1f1290e1783b2f3fadf293585\\output\\res\\drawable-hdpi-v4\\abc_ic_star_black_16dp.png"
    },
    {
        "merged": "/Users/HoangNguyen/Library/Mobile Documents/com~apple~CloudDocs/A - AS/AmericanSTEM/C:\\Users\\Hoang Nguyen\\iCloudDrive\\A - AS\\AmericanSTEM\\app\\build\\intermediates\\res\\merged\\debug\\drawable-hdpi-v4\\abc_ab_share_pack_mtrl_alpha.9.png",
        "source": "/Users/HoangNguyen/Library/Mobile Documents/com~apple~CloudDocs/A - AS/AmericanSTEM/C:\\Users\\Hoang Nguyen\\.android\\build-cache\\5bb72b998dfd92d1f1290e1783b2f3fadf293585\\output\\res\\drawable-hdpi-v4\\abc_ab_share_pack_mtrl_alpha.9.png"
    },
    {
        "merged": "/Users/HoangNguyen/Library/Mobile Documents/com~apple~CloudDocs/A - AS/AmericanSTEM/C:\\Users\\Hoang Nguyen\\iCloudDrive\\A - AS\\AmericanSTEM\\app\\build\\intermediates\\res\\merged\\debug\\drawable-hdpi-v4\\abc_ic_voice_search_api_mtrl_alpha.png",
        "source": "/Users/HoangNguyen/Library/Mobile Documents/com~apple~CloudDocs/A - AS/AmericanSTEM/C:\\Users\\Hoang Nguyen\\.android\\build-cache\\5bb72b998dfd92d1f1290e1783b2f3fadf293585\\output\\res\\drawable-hdpi-v4\\abc_ic_voice_search_api_mtrl_alpha.png"
    },
    {
        "merged": "/Users/HoangNguyen/Library/Mobile Documents/com~apple~CloudDocs/A - AS/AmericanSTEM/C:\\Users\\Hoang Nguyen\\iCloudDrive\\A - AS\\AmericanSTEM\\app\\build\\intermediates\\res\\merged\\debug\\drawable-hdpi-v4\\abc_btn_radio_to_on_mtrl_015.png",
        "source": "/Users/HoangNguyen/Library/Mobile Documents/com~apple~CloudDocs/A - AS/AmericanSTEM/C:\\Users\\Hoang Nguyen\\.android\\build-cache\\5bb72b998dfd92d1f1290e1783b2f3fadf293585\\output\\res\\drawable-hdpi-v4\\abc_btn_radio_to_on_mtrl_015.png"
    },
    {
        "merged": "/Users/HoangNguyen/Library/Mobile Documents/com~apple~CloudDocs/A - AS/AmericanSTEM/C:\\Users\\Hoang Nguyen\\iCloudDrive\\A - AS\\AmericanSTEM\\app\\build\\intermediates\\res\\merged\\debug\\drawable-hdpi-v4\\abc_ic_clear_mtrl_alpha.png",
        "source": "/Users/HoangNguyen/Library/Mobile Documents/com~apple~CloudDocs/A - AS/AmericanSTEM/C:\\Users\\Hoang Nguyen\\.android\\build-cache\\5bb72b998dfd92d1f1290e1783b2f3fadf293585\\output\\res\\drawable-hdpi-v4\\abc_ic_clear_mtrl_alpha.png"
    },
    {
        "merged": "/Users/HoangNguyen/Library/Mobile Documents/com~apple~CloudDocs/A - AS/AmericanSTEM/C:\\Users\\HoangNguyen\\Desktop\\AmericanSTEM\\app\\build\\intermediates\\res\\merged\\debug\\drawable-hdpi-v4\\abc_ic_star_half_black_16dp.png",
        "source": "/Users/HoangNguyen/Library/Mobile Documents/com~apple~CloudDocs/A - AS/AmericanSTEM/C:\\Users\\HoangNguyen\\.android\\build-cache\\43f078533731f46c2275e5cdc867d969f067de91\\output\\res\\drawable-hdpi-v4\\abc_ic_star_half_black_16dp.png"
    },
    {
        "merged": "/Users/HoangNguyen/Library/Mobile Documents/com~apple~CloudDocs/A - AS/AmericanSTEM/C:\\Users\\HoangNguyen\\Desktop\\AmericanSTEM\\app\\build\\intermediates\\res\\merged\\debug\\drawable-hdpi-v4\\abc_ic_menu_paste_mtrl_am_alpha.png",
        "source": "/Users/HoangNguyen/Library/Mobile Documents/com~apple~CloudDocs/A - AS/AmericanSTEM/C:\\Users\\HoangNguyen\\.android\\build-cache\\43f078533731f46c2275e5cdc867d969f067de91\\output\\res\\drawable-hdpi-v4\\abc_ic_menu_paste_mtrl_am_alpha.png"
    },
    {
        "merged": "/Users/HoangNguyen/Library/Mobile Documents/com~apple~CloudDocs/A - AS/AmericanSTEM/C:\\Users\\HoangNguyen\\Desktop\\AmericanSTEM\\app\\build\\intermediates\\res\\merged\\debug\\drawable-hdpi-v4\\abc_btn_radio_to_on_mtrl_000.png",
        "source": "/Users/HoangNguyen/Library/Mobile Documents/com~apple~CloudDocs/A - AS/AmericanSTEM/C:\\Users\\HoangNguyen\\.android\\build-cache\\43f078533731f46c2275e5cdc867d969f067de91\\output\\res\\drawable-hdpi-v4\\abc_btn_radio_to_on_mtrl_000.png"
    },
    {
        "merged": "/Users/HoangNguyen/Library/Mobile Documents/com~apple~CloudDocs/A - AS/AmericanSTEM/C:\\Users\\HoangNguyen\\Desktop\\AmericanSTEM\\app\\build\\intermediates\\res\\merged\\debug\\drawable-hdpi-v4\\abc_list_focused_holo.9.png",
        "source": "/Users/HoangNguyen/Library/Mobile Documents/com~apple~CloudDocs/A - AS/AmericanSTEM/C:\\Users\\HoangNguyen\\.android\\build-cache\\43f078533731f46c2275e5cdc867d969f067de91\\output\\res\\drawable-hdpi-v4\\abc_list_focused_holo.9.png"
    }
]