[
    {
        "merged": "/Users/HoangNguyen/Library/Mobile Documents/com~apple~CloudDocs/A - AS/AmericanSTEM/C:\\Users\\Hoang Nguyen\\iCloudDrive\\A - AS\\AmericanSTEM\\app\\build\\intermediates\\res\\merged\\debug\\drawable-ldrtl-mdpi-v17\\abc_ic_menu_cut_mtrl_alpha.png",
        "source": "/Users/HoangNguyen/Library/Mobile Documents/com~apple~CloudDocs/A - AS/AmericanSTEM/C:\\Users\\Hoang Nguyen\\.android\\build-cache\\5bb72b998dfd92d1f1290e1783b2f3fadf293585\\output\\res\\drawable-ldrtl-mdpi-v17\\abc_ic_menu_cut_mtrl_alpha.png"
    },
    {
        "merged": "/Users/HoangNguyen/Library/Mobile Documents/com~apple~CloudDocs/A - AS/AmericanSTEM/app/build/intermediates/res/merged/debug/drawable-ldrtl-mdpi-v17/abc_spinner_mtrl_am_alpha.9.png",
        "source": "/Users/HoangNguyen/.android/build-cache/43f078533731f46c2275e5cdc867d969f067de91/output/res/drawable-ldrtl-mdpi-v17/abc_spinner_mtrl_am_alpha.9.png"
    },
    {
        "merged": "/Users/HoangNguyen/Library/Mobile Documents/com~apple~CloudDocs/A - AS/AmericanSTEM/app/build/intermediates/res/merged/debug/drawable-ldrtl-mdpi-v17/abc_ic_ab_back_mtrl_am_alpha.png",
        "source": "/Users/HoangNguyen/.android/build-cache/43f078533731f46c2275e5cdc867d969f067de91/output/res/drawable-ldrtl-mdpi-v17/abc_ic_ab_back_mtrl_am_alpha.png"
    },
    {
        "merged": "/Users/HoangNguyen/Library/Mobile Documents/com~apple~CloudDocs/A - AS/AmericanSTEM/C:\\Users\\HoangNguyen\\Desktop\\AmericanSTEM\\app\\build\\intermediates\\res\\merged\\debug\\drawable-ldrtl-mdpi-v17\\abc_ic_menu_copy_mtrl_am_alpha.png",
        "source": "/Users/HoangNguyen/Library/Mobile Documents/com~apple~CloudDocs/A - AS/AmericanSTEM/C:\\Users\\HoangNguyen\\.android\\build-cache\\43f078533731f46c2275e5cdc867d969f067de91\\output\\res\\drawable-ldrtl-mdpi-v17\\abc_ic_menu_copy_mtrl_am_alpha.png"
    },
    {
        "merged": "/Users/HoangNguyen/Library/Mobile Documents/com~apple~CloudDocs/A - AS/AmericanSTEM/C:\\Users\\Hoang Nguyen\\iCloudDrive\\A - AS\\AmericanSTEM\\app\\build\\intermediates\\res\\merged\\debug\\drawable-ldrtl-mdpi-v17\\abc_ic_ab_back_mtrl_am_alpha.png",
        "source": "/Users/HoangNguyen/Library/Mobile Documents/com~apple~CloudDocs/A - AS/AmericanSTEM/C:\\Users\\Hoang Nguyen\\.android\\build-cache\\5bb72b998dfd92d1f1290e1783b2f3fadf293585\\output\\res\\drawable-ldrtl-mdpi-v17\\abc_ic_ab_back_mtrl_am_alpha.png"
    },
    {
        "merged": "/Users/HoangNguyen/Library/Mobile Documents/com~apple~CloudDocs/A - AS/AmericanSTEM/C:\\Users\\HoangNguyen\\Desktop\\AmericanSTEM\\app\\build\\intermediates\\res\\merged\\debug\\drawable-ldrtl-mdpi-v17\\abc_ic_menu_cut_mtrl_alpha.png",
        "source": "/Users/HoangNguyen/Library/Mobile Documents/com~apple~CloudDocs/A - AS/AmericanSTEM/C:\\Users\\HoangNguyen\\.android\\build-cache\\43f078533731f46c2275e5cdc867d969f067de91\\output\\res\\drawable-ldrtl-mdpi-v17\\abc_ic_menu_cut_mtrl_alpha.png"
    },
    {
        "merged": "/Users/HoangNguyen/Library/Mobile Documents/com~apple~CloudDocs/A - AS/AmericanSTEM/app/build/intermediates/res/merged/debug/drawable-ldrtl-mdpi-v17/abc_ic_menu_cut_mtrl_alpha.png",
        "source": "/Users/HoangNguyen/.android/build-cache/43f078533731f46c2275e5cdc867d969f067de91/output/res/drawable-ldrtl-mdpi-v17/abc_ic_menu_cut_mtrl_alpha.png"
    },
    {
        "merged": "/Users/HoangNguyen/Library/Mobile Documents/com~apple~CloudDocs/A - AS/AmericanSTEM/C:\\Users\\Hoang Nguyen\\iCloudDrive\\A - AS\\AmericanSTEM\\app\\build\\intermediates\\res\\merged\\debug\\drawable-ldrtl-mdpi-v17\\abc_spinner_mtrl_am_alpha.9.png",
        "source": "/Users/HoangNguyen/Library/Mobile Documents/com~apple~CloudDocs/A - AS/AmericanSTEM/C:\\Users\\Hoang Nguyen\\.android\\build-cache\\5bb72b998dfd92d1f1290e1783b2f3fadf293585\\output\\res\\drawable-ldrtl-mdpi-v17\\abc_spinner_mtrl_am_alpha.9.png"
    },
    {
        "merged": "/Users/HoangNguyen/Library/Mobile Documents/com~apple~CloudDocs/A - AS/AmericanSTEM/C:\\Users\\HoangNguyen\\Desktop\\AmericanSTEM\\app\\build\\intermediates\\res\\merged\\debug\\drawable-ldrtl-mdpi-v17\\abc_ic_ab_back_mtrl_am_alpha.png",
        "source": "/Users/HoangNguyen/Library/Mobile Documents/com~apple~CloudDocs/A - AS/AmericanSTEM/C:\\Users\\HoangNguyen\\.android\\build-cache\\43f078533731f46c2275e5cdc867d969f067de91\\output\\res\\drawable-ldrtl-mdpi-v17\\abc_ic_ab_back_mtrl_am_alpha.png"
    },
    {
        "merged": "/Users/HoangNguyen/Library/Mobile Documents/com~apple~CloudDocs/A - AS/AmericanSTEM/C:\\Users\\HoangNguyen\\Desktop\\AmericanSTEM\\app\\build\\intermediates\\res\\merged\\debug\\drawable-ldrtl-mdpi-v17\\abc_spinner_mtrl_am_alpha.9.png",
        "source": "/Users/HoangNguyen/Library/Mobile Documents/com~apple~CloudDocs/A - AS/AmericanSTEM/C:\\Users\\HoangNguyen\\.android\\build-cache\\43f078533731f46c2275e5cdc867d969f067de91\\output\\res\\drawable-ldrtl-mdpi-v17\\abc_spinner_mtrl_am_alpha.9.png"
    },
    {
        "merged": "/Users/HoangNguyen/Library/Mobile Documents/com~apple~CloudDocs/A - AS/AmericanSTEM/C:\\Users\\Hoang Nguyen\\iCloudDrive\\A - AS\\AmericanSTEM\\app\\build\\intermediates\\res\\merged\\debug\\drawable-ldrtl-mdpi-v17\\abc_ic_menu_copy_mtrl_am_alpha.png",
        "source": "/Users/HoangNguyen/Library/Mobile Documents/com~apple~CloudDocs/A - AS/AmericanSTEM/C:\\Users\\Hoang Nguyen\\.android\\build-cache\\5bb72b998dfd92d1f1290e1783b2f3fadf293585\\output\\res\\drawable-ldrtl-mdpi-v17\\abc_ic_menu_copy_mtrl_am_alpha.png"
    },
    {
        "merged": "/Users/HoangNguyen/Library/Mobile Documents/com~apple~CloudDocs/A - AS/AmericanSTEM/app/build/intermediates/res/merged/debug/drawable-ldrtl-mdpi-v17/abc_ic_menu_copy_mtrl_am_alpha.png",
        "source": "/Users/HoangNguyen/.android/build-cache/43f078533731f46c2275e5cdc867d969f067de91/output/res/drawable-ldrtl-mdpi-v17/abc_ic_menu_copy_mtrl_am_alpha.png"
    }
]