[
    {
        "merged": "/Users/HoangNguyen/Library/Mobile Documents/com~apple~CloudDocs/A - AS/AmericanSTEM/C:\\Users\\Hoang Nguyen\\iCloudDrive\\A - AS\\AmericanSTEM\\app\\build\\intermediates\\res\\merged\\debug\\layout\\notification_template_big_media_narrow.xml",
        "source": "/Users/HoangNguyen/Library/Mobile Documents/com~apple~CloudDocs/A - AS/AmericanSTEM/C:\\Users\\Hoang Nguyen\\.android\\build-cache\\5bb72b998dfd92d1f1290e1783b2f3fadf293585\\output\\res\\layout\\notification_template_big_media_narrow.xml"
    },
    {
        "merged": "/Users/HoangNguyen/Library/Mobile Documents/com~apple~CloudDocs/A - AS/AmericanSTEM/app/build/intermediates/res/merged/debug/layout/select_dialog_singlechoice_material.xml",
        "source": "/Users/HoangNguyen/.android/build-cache/43f078533731f46c2275e5cdc867d969f067de91/output/res/layout/select_dialog_singlechoice_material.xml"
    },
    {
        "merged": "/Users/HoangNguyen/Library/Mobile Documents/com~apple~CloudDocs/A - AS/AmericanSTEM/C:\\Users\\HoangNguyen\\Desktop\\AmericanSTEM\\app\\build\\intermediates\\res\\merged\\debug\\layout\\abc_action_menu_layout.xml",
        "source": "/Users/HoangNguyen/Library/Mobile Documents/com~apple~CloudDocs/A - AS/AmericanSTEM/C:\\Users\\HoangNguyen\\.android\\build-cache\\43f078533731f46c2275e5cdc867d969f067de91\\output\\res\\layout\\abc_action_menu_layout.xml"
    },
    {
        "merged": "/Users/HoangNguyen/Library/Mobile Documents/com~apple~CloudDocs/A - AS/AmericanSTEM/app/build/intermediates/res/merged/debug/layout/abc_action_menu_layout.xml",
        "source": "/Users/HoangNguyen/.android/build-cache/43f078533731f46c2275e5cdc867d969f067de91/output/res/layout/abc_action_menu_layout.xml"
    },
    {
        "merged": "/Users/HoangNguyen/Library/Mobile Documents/com~apple~CloudDocs/A - AS/AmericanSTEM/app/build/intermediates/res/merged/debug/layout/notification_template_part_chronometer.xml",
        "source": "/Users/HoangNguyen/.android/build-cache/43f078533731f46c2275e5cdc867d969f067de91/output/res/layout/notification_template_part_chronometer.xml"
    },
    {
        "merged": "/Users/HoangNguyen/Library/Mobile Documents/com~apple~CloudDocs/A - AS/AmericanSTEM/C:\\Users\\HoangNguyen\\Desktop\\AmericanSTEM\\app\\build\\intermediates\\res\\merged\\debug\\layout\\select_dialog_multichoice_material.xml",
        "source": "/Users/HoangNguyen/Library/Mobile Documents/com~apple~CloudDocs/A - AS/AmericanSTEM/C:\\Users\\HoangNguyen\\.android\\build-cache\\43f078533731f46c2275e5cdc867d969f067de91\\output\\res\\layout\\select_dialog_multichoice_material.xml"
    },
    {
        "merged": "/Users/HoangNguyen/Library/Mobile Documents/com~apple~CloudDocs/A - AS/AmericanSTEM/C:\\Users\\HoangNguyen\\Desktop\\AmericanSTEM\\app\\build\\intermediates\\res\\merged\\debug\\layout\\abc_action_mode_bar.xml",
        "source": "/Users/HoangNguyen/Library/Mobile Documents/com~apple~CloudDocs/A - AS/AmericanSTEM/C:\\Users\\HoangNguyen\\.android\\build-cache\\43f078533731f46c2275e5cdc867d969f067de91\\output\\res\\layout\\abc_action_mode_bar.xml"
    },
    {
        "merged": "/Users/HoangNguyen/Library/Mobile Documents/com~apple~CloudDocs/A - AS/AmericanSTEM/app/build/intermediates/res/merged/debug/layout/abc_alert_dialog_button_bar_material.xml",
        "source": "/Users/HoangNguyen/.android/build-cache/43f078533731f46c2275e5cdc867d969f067de91/output/res/layout/abc_alert_dialog_button_bar_material.xml"
    },
    {
        "merged": "/Users/HoangNguyen/Library/Mobile Documents/com~apple~CloudDocs/A - AS/AmericanSTEM/C:\\Users\\HoangNguyen\\Desktop\\AmericanSTEM\\app\\build\\intermediates\\res\\merged\\debug\\layout\\abc_action_mode_close_item_material.xml",
        "source": "/Users/HoangNguyen/Library/Mobile Documents/com~apple~CloudDocs/A - AS/AmericanSTEM/C:\\Users\\HoangNguyen\\.android\\build-cache\\43f078533731f46c2275e5cdc867d969f067de91\\output\\res\\layout\\abc_action_mode_close_item_material.xml"
    },
    {
        "merged": "/Users/HoangNguyen/Library/Mobile Documents/com~apple~CloudDocs/A - AS/AmericanSTEM/C:\\Users\\Hoang Nguyen\\iCloudDrive\\A - AS\\AmericanSTEM\\app\\build\\intermediates\\res\\merged\\debug\\layout\\abc_action_mode_close_item_material.xml",
        "source": "/Users/HoangNguyen/Library/Mobile Documents/com~apple~CloudDocs/A - AS/AmericanSTEM/C:\\Users\\Hoang Nguyen\\.android\\build-cache\\5bb72b998dfd92d1f1290e1783b2f3fadf293585\\output\\res\\layout\\abc_action_mode_close_item_material.xml"
    },
    {
        "merged": "/Users/HoangNguyen/Library/Mobile Documents/com~apple~CloudDocs/A - AS/AmericanSTEM/app/build/intermediates/res/merged/debug/layout/abc_screen_content_include.xml",
        "source": "/Users/HoangNguyen/.android/build-cache/43f078533731f46c2275e5cdc867d969f067de91/output/res/layout/abc_screen_content_include.xml"
    },
    {
        "merged": "/Users/HoangNguyen/Library/Mobile Documents/com~apple~CloudDocs/A - AS/AmericanSTEM/C:\\Users\\Hoang Nguyen\\iCloudDrive\\A - AS\\AmericanSTEM\\app\\build\\intermediates\\res\\merged\\debug\\layout\\notification_template_big_media.xml",
        "source": "/Users/HoangNguyen/Library/Mobile Documents/com~apple~CloudDocs/A - AS/AmericanSTEM/C:\\Users\\Hoang Nguyen\\.android\\build-cache\\5bb72b998dfd92d1f1290e1783b2f3fadf293585\\output\\res\\layout\\notification_template_big_media.xml"
    },
    {
        "merged": "/Users/HoangNguyen/Library/Mobile Documents/com~apple~CloudDocs/A - AS/AmericanSTEM/app/build/intermediates/res/merged/debug/layout/activity_main_menu.xml",
        "source": "/Users/HoangNguyen/Library/Mobile Documents/com~apple~CloudDocs/A - AS/AmericanSTEM/app/src/main/res/layout/activity_main_menu.xml"
    },
    {
        "merged": "/Users/HoangNguyen/Library/Mobile Documents/com~apple~CloudDocs/A - AS/AmericanSTEM/app/build/intermediates/res/merged/debug/layout/select_dialog_item_material.xml",
        "source": "/Users/HoangNguyen/.android/build-cache/43f078533731f46c2275e5cdc867d969f067de91/output/res/layout/select_dialog_item_material.xml"
    },
    {
        "merged": "/Users/HoangNguyen/Library/Mobile Documents/com~apple~CloudDocs/A - AS/AmericanSTEM/app/build/intermediates/res/merged/debug/layout/notification_template_big_media.xml",
        "source": "/Users/HoangNguyen/.android/build-cache/43f078533731f46c2275e5cdc867d969f067de91/output/res/layout/notification_template_big_media.xml"
    },
    {
        "merged": "/Users/HoangNguyen/Library/Mobile Documents/com~apple~CloudDocs/A - AS/AmericanSTEM/C:\\Users\\Hoang Nguyen\\iCloudDrive\\A - AS\\AmericanSTEM\\app\\build\\intermediates\\res\\merged\\debug\\layout\\abc_action_menu_layout.xml",
        "source": "/Users/HoangNguyen/Library/Mobile Documents/com~apple~CloudDocs/A - AS/AmericanSTEM/C:\\Users\\Hoang Nguyen\\.android\\build-cache\\5bb72b998dfd92d1f1290e1783b2f3fadf293585\\output\\res\\layout\\abc_action_menu_layout.xml"
    },
    {
        "merged": "/Users/HoangNguyen/Library/Mobile Documents/com~apple~CloudDocs/A - AS/AmericanSTEM/C:\\Users\\Hoang Nguyen\\iCloudDrive\\A - AS\\AmericanSTEM\\app\\build\\intermediates\\res\\merged\\debug\\layout\\merge_camera_preview_view_finder.xml",
        "source": "/Users/HoangNguyen/Library/Mobile Documents/com~apple~CloudDocs/A - AS/AmericanSTEM/C:\\Users\\Hoang Nguyen\\.android\\build-cache\\741b4b86ca81a6486add4d36dfa0477d1561aac9\\output\\res\\layout\\merge_camera_preview_view_finder.xml"
    },
    {
        "merged": "/Users/HoangNguyen/Library/Mobile Documents/com~apple~CloudDocs/A - AS/AmericanSTEM/C:\\Users\\Hoang Nguyen\\iCloudDrive\\A - AS\\AmericanSTEM\\app\\build\\intermediates\\res\\merged\\debug\\layout\\abc_select_dialog_material.xml",
        "source": "/Users/HoangNguyen/Library/Mobile Documents/com~apple~CloudDocs/A - AS/AmericanSTEM/C:\\Users\\Hoang Nguyen\\.android\\build-cache\\5bb72b998dfd92d1f1290e1783b2f3fadf293585\\output\\res\\layout\\abc_select_dialog_material.xml"
    },
    {
        "merged": "/Users/HoangNguyen/Library/Mobile Documents/com~apple~CloudDocs/A - AS/AmericanSTEM/C:\\Users\\Hoang Nguyen\\iCloudDrive\\A - AS\\AmericanSTEM\\app\\build\\intermediates\\res\\merged\\debug\\layout\\select_dialog_item_material.xml",
        "source": "/Users/HoangNguyen/Library/Mobile Documents/com~apple~CloudDocs/A - AS/AmericanSTEM/C:\\Users\\Hoang Nguyen\\.android\\build-cache\\5bb72b998dfd92d1f1290e1783b2f3fadf293585\\output\\res\\layout\\select_dialog_item_material.xml"
    },
    {
        "merged": "/Users/HoangNguyen/Library/Mobile Documents/com~apple~CloudDocs/A - AS/AmericanSTEM/app/build/intermediates/res/merged/debug/layout/abc_list_menu_item_icon.xml",
        "source": "/Users/HoangNguyen/.android/build-cache/43f078533731f46c2275e5cdc867d969f067de91/output/res/layout/abc_list_menu_item_icon.xml"
    },
    {
        "merged": "/Users/HoangNguyen/Library/Mobile Documents/com~apple~CloudDocs/A - AS/AmericanSTEM/C:\\Users\\HoangNguyen\\Desktop\\AmericanSTEM\\app\\build\\intermediates\\res\\merged\\debug\\layout\\abc_alert_dialog_button_bar_material.xml",
        "source": "/Users/HoangNguyen/Library/Mobile Documents/com~apple~CloudDocs/A - AS/AmericanSTEM/C:\\Users\\HoangNguyen\\.android\\build-cache\\43f078533731f46c2275e5cdc867d969f067de91\\output\\res\\layout\\abc_alert_dialog_button_bar_material.xml"
    },
    {
        "merged": "/Users/HoangNguyen/Library/Mobile Documents/com~apple~CloudDocs/A - AS/AmericanSTEM/C:\\Users\\HoangNguyen\\Desktop\\AmericanSTEM\\app\\build\\intermediates\\res\\merged\\debug\\layout\\abc_action_menu_item_layout.xml",
        "source": "/Users/HoangNguyen/Library/Mobile Documents/com~apple~CloudDocs/A - AS/AmericanSTEM/C:\\Users\\HoangNguyen\\.android\\build-cache\\43f078533731f46c2275e5cdc867d969f067de91\\output\\res\\layout\\abc_action_menu_item_layout.xml"
    },
    {
        "merged": "/Users/HoangNguyen/Library/Mobile Documents/com~apple~CloudDocs/A - AS/AmericanSTEM/app/build/intermediates/res/merged/debug/layout/zxing_capture.xml",
        "source": "/Users/HoangNguyen/.android/build-cache/2940556da38581d1da2a43043d08cca36087cd13/output/res/layout/zxing_capture.xml"
    },
    {
        "merged": "/Users/HoangNguyen/Library/Mobile Documents/com~apple~CloudDocs/A - AS/AmericanSTEM/C:\\Users\\Hoang Nguyen\\iCloudDrive\\A - AS\\AmericanSTEM\\app\\build\\intermediates\\res\\merged\\debug\\layout\\abc_screen_simple.xml",
        "source": "/Users/HoangNguyen/Library/Mobile Documents/com~apple~CloudDocs/A - AS/AmericanSTEM/C:\\Users\\Hoang Nguyen\\.android\\build-cache\\5bb72b998dfd92d1f1290e1783b2f3fadf293585\\output\\res\\layout\\abc_screen_simple.xml"
    },
    {
        "merged": "/Users/HoangNguyen/Library/Mobile Documents/com~apple~CloudDocs/A - AS/AmericanSTEM/C:\\Users\\HoangNguyen\\Desktop\\AmericanSTEM\\app\\build\\intermediates\\res\\merged\\debug\\layout\\notification_template_part_time.xml",
        "source": "/Users/HoangNguyen/Library/Mobile Documents/com~apple~CloudDocs/A - AS/AmericanSTEM/C:\\Users\\HoangNguyen\\.android\\build-cache\\43f078533731f46c2275e5cdc867d969f067de91\\output\\res\\layout\\notification_template_part_time.xml"
    },
    {
        "merged": "/Users/HoangNguyen/Library/Mobile Documents/com~apple~CloudDocs/A - AS/AmericanSTEM/C:\\Users\\Hoang Nguyen\\iCloudDrive\\A - AS\\AmericanSTEM\\app\\build\\intermediates\\res\\merged\\debug\\layout\\abc_activity_chooser_view_list_item.xml",
        "source": "/Users/HoangNguyen/Library/Mobile Documents/com~apple~CloudDocs/A - AS/AmericanSTEM/C:\\Users\\Hoang Nguyen\\.android\\build-cache\\5bb72b998dfd92d1f1290e1783b2f3fadf293585\\output\\res\\layout\\abc_activity_chooser_view_list_item.xml"
    },
    {
        "merged": "/Users/HoangNguyen/Library/Mobile Documents/com~apple~CloudDocs/A - AS/AmericanSTEM/C:\\Users\\Hoang Nguyen\\iCloudDrive\\A - AS\\AmericanSTEM\\app\\build\\intermediates\\res\\merged\\debug\\layout\\abc_dialog_title_material.xml",
        "source": "/Users/HoangNguyen/Library/Mobile Documents/com~apple~CloudDocs/A - AS/AmericanSTEM/C:\\Users\\Hoang Nguyen\\.android\\build-cache\\5bb72b998dfd92d1f1290e1783b2f3fadf293585\\output\\res\\layout\\abc_dialog_title_material.xml"
    },
    {
        "merged": "/Users/HoangNguyen/Library/Mobile Documents/com~apple~CloudDocs/A - AS/AmericanSTEM/app/build/intermediates/res/merged/debug/layout/notification_media_cancel_action.xml",
        "source": "/Users/HoangNguyen/.android/build-cache/43f078533731f46c2275e5cdc867d969f067de91/output/res/layout/notification_media_cancel_action.xml"
    },
    {
        "merged": "/Users/HoangNguyen/Library/Mobile Documents/com~apple~CloudDocs/A - AS/AmericanSTEM/C:\\Users\\HoangNguyen\\Desktop\\AmericanSTEM\\app\\build\\intermediates\\res\\merged\\debug\\layout\\abc_action_bar_up_container.xml",
        "source": "/Users/HoangNguyen/Library/Mobile Documents/com~apple~CloudDocs/A - AS/AmericanSTEM/C:\\Users\\HoangNguyen\\.android\\build-cache\\43f078533731f46c2275e5cdc867d969f067de91\\output\\res\\layout\\abc_action_bar_up_container.xml"
    },
    {
        "merged": "/Users/HoangNguyen/Library/Mobile Documents/com~apple~CloudDocs/A - AS/AmericanSTEM/C:\\Users\\HoangNguyen\\Desktop\\AmericanSTEM\\app\\build\\intermediates\\res\\merged\\debug\\layout\\abc_list_menu_item_layout.xml",
        "source": "/Users/HoangNguyen/Library/Mobile Documents/com~apple~CloudDocs/A - AS/AmericanSTEM/C:\\Users\\HoangNguyen\\.android\\build-cache\\43f078533731f46c2275e5cdc867d969f067de91\\output\\res\\layout\\abc_list_menu_item_layout.xml"
    },
    {
        "merged": "/Users/HoangNguyen/Library/Mobile Documents/com~apple~CloudDocs/A - AS/AmericanSTEM/C:\\Users\\Hoang Nguyen\\iCloudDrive\\A - AS\\AmericanSTEM\\app\\build\\intermediates\\res\\merged\\debug\\layout\\notification_media_cancel_action.xml",
        "source": "/Users/HoangNguyen/Library/Mobile Documents/com~apple~CloudDocs/A - AS/AmericanSTEM/C:\\Users\\Hoang Nguyen\\.android\\build-cache\\5bb72b998dfd92d1f1290e1783b2f3fadf293585\\output\\res\\layout\\notification_media_cancel_action.xml"
    },
    {
        "merged": "/Users/HoangNguyen/Library/Mobile Documents/com~apple~CloudDocs/A - AS/AmericanSTEM/C:\\Users\\Hoang Nguyen\\iCloudDrive\\A - AS\\AmericanSTEM\\app\\build\\intermediates\\res\\merged\\debug\\layout\\abc_screen_simple_overlay_action_mode.xml",
        "source": "/Users/HoangNguyen/Library/Mobile Documents/com~apple~CloudDocs/A - AS/AmericanSTEM/C:\\Users\\Hoang Nguyen\\.android\\build-cache\\5bb72b998dfd92d1f1290e1783b2f3fadf293585\\output\\res\\layout\\abc_screen_simple_overlay_action_mode.xml"
    },
    {
        "merged": "/Users/HoangNguyen/Library/Mobile Documents/com~apple~CloudDocs/A - AS/AmericanSTEM/C:\\Users\\Hoang Nguyen\\iCloudDrive\\A - AS\\AmericanSTEM\\app\\build\\intermediates\\res\\merged\\debug\\layout\\select_dialog_multichoice_material.xml",
        "source": "/Users/HoangNguyen/Library/Mobile Documents/com~apple~CloudDocs/A - AS/AmericanSTEM/C:\\Users\\Hoang Nguyen\\.android\\build-cache\\5bb72b998dfd92d1f1290e1783b2f3fadf293585\\output\\res\\layout\\select_dialog_multichoice_material.xml"
    },
    {
        "merged": "/Users/HoangNguyen/Library/Mobile Documents/com~apple~CloudDocs/A - AS/AmericanSTEM/C:\\Users\\HoangNguyen\\Desktop\\AmericanSTEM\\app\\build\\intermediates\\res\\merged\\debug\\layout\\abc_list_menu_item_radio.xml",
        "source": "/Users/HoangNguyen/Library/Mobile Documents/com~apple~CloudDocs/A - AS/AmericanSTEM/C:\\Users\\HoangNguyen\\.android\\build-cache\\43f078533731f46c2275e5cdc867d969f067de91\\output\\res\\layout\\abc_list_menu_item_radio.xml"
    },
    {
        "merged": "/Users/HoangNguyen/Library/Mobile Documents/com~apple~CloudDocs/A - AS/AmericanSTEM/C:\\Users\\Hoang Nguyen\\iCloudDrive\\A - AS\\AmericanSTEM\\app\\build\\intermediates\\res\\merged\\debug\\layout\\abc_list_menu_item_radio.xml",
        "source": "/Users/HoangNguyen/Library/Mobile Documents/com~apple~CloudDocs/A - AS/AmericanSTEM/C:\\Users\\Hoang Nguyen\\.android\\build-cache\\5bb72b998dfd92d1f1290e1783b2f3fadf293585\\output\\res\\layout\\abc_list_menu_item_radio.xml"
    },
    {
        "merged": "/Users/HoangNguyen/Library/Mobile Documents/com~apple~CloudDocs/A - AS/AmericanSTEM/app/build/intermediates/res/merged/debug/layout/abc_expanded_menu_layout.xml",
        "source": "/Users/HoangNguyen/.android/build-cache/43f078533731f46c2275e5cdc867d969f067de91/output/res/layout/abc_expanded_menu_layout.xml"
    },
    {
        "merged": "/Users/HoangNguyen/Library/Mobile Documents/com~apple~CloudDocs/A - AS/AmericanSTEM/C:\\Users\\HoangNguyen\\Desktop\\AmericanSTEM\\app\\build\\intermediates\\res\\merged\\debug\\layout\\abc_dialog_title_material.xml",
        "source": "/Users/HoangNguyen/Library/Mobile Documents/com~apple~CloudDocs/A - AS/AmericanSTEM/C:\\Users\\HoangNguyen\\.android\\build-cache\\43f078533731f46c2275e5cdc867d969f067de91\\output\\res\\layout\\abc_dialog_title_material.xml"
    },
    {
        "merged": "/Users/HoangNguyen/Library/Mobile Documents/com~apple~CloudDocs/A - AS/AmericanSTEM/app/build/intermediates/res/merged/debug/layout/abc_action_mode_close_item_material.xml",
        "source": "/Users/HoangNguyen/.android/build-cache/43f078533731f46c2275e5cdc867d969f067de91/output/res/layout/abc_action_mode_close_item_material.xml"
    },
    {
        "merged": "/Users/HoangNguyen/Library/Mobile Documents/com~apple~CloudDocs/A - AS/AmericanSTEM/C:\\Users\\Hoang Nguyen\\iCloudDrive\\A - AS\\AmericanSTEM\\app\\build\\intermediates\\res\\merged\\debug\\layout\\notification_template_media.xml",
        "source": "/Users/HoangNguyen/Library/Mobile Documents/com~apple~CloudDocs/A - AS/AmericanSTEM/C:\\Users\\Hoang Nguyen\\.android\\build-cache\\5bb72b998dfd92d1f1290e1783b2f3fadf293585\\output\\res\\layout\\notification_template_media.xml"
    },
    {
        "merged": "/Users/HoangNguyen/Library/Mobile Documents/com~apple~CloudDocs/A - AS/AmericanSTEM/C:\\Users\\HoangNguyen\\Desktop\\AmericanSTEM\\app\\build\\intermediates\\res\\merged\\debug\\layout\\abc_search_dropdown_item_icons_2line.xml",
        "source": "/Users/HoangNguyen/Library/Mobile Documents/com~apple~CloudDocs/A - AS/AmericanSTEM/C:\\Users\\HoangNguyen\\.android\\build-cache\\43f078533731f46c2275e5cdc867d969f067de91\\output\\res\\layout\\abc_search_dropdown_item_icons_2line.xml"
    },
    {
        "merged": "/Users/HoangNguyen/Library/Mobile Documents/com~apple~CloudDocs/A - AS/AmericanSTEM/C:\\Users\\HoangNguyen\\Desktop\\AmericanSTEM\\app\\build\\intermediates\\res\\merged\\debug\\layout\\abc_list_menu_item_checkbox.xml",
        "source": "/Users/HoangNguyen/Library/Mobile Documents/com~apple~CloudDocs/A - AS/AmericanSTEM/C:\\Users\\HoangNguyen\\.android\\build-cache\\43f078533731f46c2275e5cdc867d969f067de91\\output\\res\\layout\\abc_list_menu_item_checkbox.xml"
    },
    {
        "merged": "/Users/HoangNguyen/Library/Mobile Documents/com~apple~CloudDocs/A - AS/AmericanSTEM/C:\\Users\\Hoang Nguyen\\iCloudDrive\\A - AS\\AmericanSTEM\\app\\build\\intermediates\\res\\merged\\debug\\layout\\abc_screen_toolbar.xml",
        "source": "/Users/HoangNguyen/Library/Mobile Documents/com~apple~CloudDocs/A - AS/AmericanSTEM/C:\\Users\\Hoang Nguyen\\.android\\build-cache\\5bb72b998dfd92d1f1290e1783b2f3fadf293585\\output\\res\\layout\\abc_screen_toolbar.xml"
    },
    {
        "merged": "/Users/HoangNguyen/Library/Mobile Documents/com~apple~CloudDocs/A - AS/AmericanSTEM/C:\\Users\\HoangNguyen\\Desktop\\AmericanSTEM\\app\\build\\intermediates\\res\\merged\\debug\\layout\\notification_media_cancel_action.xml",
        "source": "/Users/HoangNguyen/Library/Mobile Documents/com~apple~CloudDocs/A - AS/AmericanSTEM/C:\\Users\\HoangNguyen\\.android\\build-cache\\43f078533731f46c2275e5cdc867d969f067de91\\output\\res\\layout\\notification_media_cancel_action.xml"
    },
    {
        "merged": "/Users/HoangNguyen/Library/Mobile Documents/com~apple~CloudDocs/A - AS/AmericanSTEM/app/build/intermediates/res/merged/debug/layout/select_dialog_multichoice_material.xml",
        "source": "/Users/HoangNguyen/.android/build-cache/43f078533731f46c2275e5cdc867d969f067de91/output/res/layout/select_dialog_multichoice_material.xml"
    },
    {
        "merged": "/Users/HoangNguyen/Library/Mobile Documents/com~apple~CloudDocs/A - AS/AmericanSTEM/C:\\Users\\HoangNguyen\\Desktop\\AmericanSTEM\\app\\build\\intermediates\\res\\merged\\debug\\layout\\abc_action_bar_title_item.xml",
        "source": "/Users/HoangNguyen/Library/Mobile Documents/com~apple~CloudDocs/A - AS/AmericanSTEM/C:\\Users\\HoangNguyen\\.android\\build-cache\\43f078533731f46c2275e5cdc867d969f067de91\\output\\res\\layout\\abc_action_bar_title_item.xml"
    },
    {
        "merged": "/Users/HoangNguyen/Library/Mobile Documents/com~apple~CloudDocs/A - AS/AmericanSTEM/app/build/intermediates/res/merged/debug/layout/abc_select_dialog_material.xml",
        "source": "/Users/HoangNguyen/.android/build-cache/43f078533731f46c2275e5cdc867d969f067de91/output/res/layout/abc_select_dialog_material.xml"
    },
    {
        "merged": "/Users/HoangNguyen/Library/Mobile Documents/com~apple~CloudDocs/A - AS/AmericanSTEM/C:\\Users\\HoangNguyen\\Desktop\\AmericanSTEM\\app\\build\\intermediates\\res\\merged\\debug\\layout\\support_simple_spinner_dropdown_item.xml",
        "source": "/Users/HoangNguyen/Library/Mobile Documents/com~apple~CloudDocs/A - AS/AmericanSTEM/C:\\Users\\HoangNguyen\\.android\\build-cache\\43f078533731f46c2275e5cdc867d969f067de91\\output\\res\\layout\\support_simple_spinner_dropdown_item.xml"
    },
    {
        "merged": "/Users/HoangNguyen/Library/Mobile Documents/com~apple~CloudDocs/A - AS/AmericanSTEM/C:\\Users\\HoangNguyen\\Desktop\\AmericanSTEM\\app\\build\\intermediates\\res\\merged\\debug\\layout\\abc_screen_simple_overlay_action_mode.xml",
        "source": "/Users/HoangNguyen/Library/Mobile Documents/com~apple~CloudDocs/A - AS/AmericanSTEM/C:\\Users\\HoangNguyen\\.android\\build-cache\\43f078533731f46c2275e5cdc867d969f067de91\\output\\res\\layout\\abc_screen_simple_overlay_action_mode.xml"
    },
    {
        "merged": "/Users/HoangNguyen/Library/Mobile Documents/com~apple~CloudDocs/A - AS/AmericanSTEM/C:\\Users\\HoangNguyen\\Desktop\\AmericanSTEM\\app\\build\\intermediates\\res\\merged\\debug\\layout\\abc_search_view.xml",
        "source": "/Users/HoangNguyen/Library/Mobile Documents/com~apple~CloudDocs/A - AS/AmericanSTEM/C:\\Users\\HoangNguyen\\.android\\build-cache\\43f078533731f46c2275e5cdc867d969f067de91\\output\\res\\layout\\abc_search_view.xml"
    },
    {
        "merged": "/Users/HoangNguyen/Library/Mobile Documents/com~apple~CloudDocs/A - AS/AmericanSTEM/C:\\Users\\Hoang Nguyen\\iCloudDrive\\A - AS\\AmericanSTEM\\app\\build\\intermediates\\res\\merged\\debug\\layout\\abc_alert_dialog_button_bar_material.xml",
        "source": "/Users/HoangNguyen/Library/Mobile Documents/com~apple~CloudDocs/A - AS/AmericanSTEM/C:\\Users\\Hoang Nguyen\\.android\\build-cache\\5bb72b998dfd92d1f1290e1783b2f3fadf293585\\output\\res\\layout\\abc_alert_dialog_button_bar_material.xml"
    },
    {
        "merged": "/Users/HoangNguyen/Library/Mobile Documents/com~apple~CloudDocs/A - AS/AmericanSTEM/C:\\Users\\HoangNguyen\\Desktop\\AmericanSTEM\\app\\build\\intermediates\\res\\merged\\debug\\layout\\merge_camera_preview_view_finder.xml",
        "source": "/Users/HoangNguyen/Library/Mobile Documents/com~apple~CloudDocs/A - AS/AmericanSTEM/C:\\Users\\HoangNguyen\\.android\\build-cache\\7a0e61e31504a0812e7c3dbdfd1ad74ce59290b2\\output\\res\\layout\\merge_camera_preview_view_finder.xml"
    },
    {
        "merged": "/Users/HoangNguyen/Library/Mobile Documents/com~apple~CloudDocs/A - AS/AmericanSTEM/app/build/intermediates/res/merged/debug/layout/abc_screen_simple_overlay_action_mode.xml",
        "source": "/Users/HoangNguyen/.android/build-cache/43f078533731f46c2275e5cdc867d969f067de91/output/res/layout/abc_screen_simple_overlay_action_mode.xml"
    },
    {
        "merged": "/Users/HoangNguyen/Library/Mobile Documents/com~apple~CloudDocs/A - AS/AmericanSTEM/C:\\Users\\HoangNguyen\\Desktop\\AmericanSTEM\\app\\build\\intermediates\\res\\merged\\debug\\layout\\notification_template_lines.xml",
        "source": "/Users/HoangNguyen/Library/Mobile Documents/com~apple~CloudDocs/A - AS/AmericanSTEM/C:\\Users\\HoangNguyen\\.android\\build-cache\\43f078533731f46c2275e5cdc867d969f067de91\\output\\res\\layout\\notification_template_lines.xml"
    },
    {
        "merged": "/Users/HoangNguyen/Library/Mobile Documents/com~apple~CloudDocs/A - AS/AmericanSTEM/C:\\Users\\HoangNguyen\\Desktop\\AmericanSTEM\\app\\build\\intermediates\\res\\merged\\debug\\layout\\abc_alert_dialog_material.xml",
        "source": "/Users/HoangNguyen/Library/Mobile Documents/com~apple~CloudDocs/A - AS/AmericanSTEM/C:\\Users\\HoangNguyen\\.android\\build-cache\\43f078533731f46c2275e5cdc867d969f067de91\\output\\res\\layout\\abc_alert_dialog_material.xml"
    },
    {
        "merged": "/Users/HoangNguyen/Library/Mobile Documents/com~apple~CloudDocs/A - AS/AmericanSTEM/C:\\Users\\Hoang Nguyen\\iCloudDrive\\A - AS\\AmericanSTEM\\app\\build\\intermediates\\res\\merged\\debug\\layout\\activity_main_menu.xml",
        "source": "/Users/HoangNguyen/Library/Mobile Documents/com~apple~CloudDocs/A - AS/AmericanSTEM/C:\\Users\\Hoang Nguyen\\iCloudDrive\\A - AS\\AmericanSTEM\\app\\src\\main\\res\\layout\\activity_main_menu.xml"
    },
    {
        "merged": "/Users/HoangNguyen/Library/Mobile Documents/com~apple~CloudDocs/A - AS/AmericanSTEM/app/build/intermediates/res/merged/debug/layout/notification_template_lines.xml",
        "source": "/Users/HoangNguyen/.android/build-cache/43f078533731f46c2275e5cdc867d969f067de91/output/res/layout/notification_template_lines.xml"
    },
    {
        "merged": "/Users/HoangNguyen/Library/Mobile Documents/com~apple~CloudDocs/A - AS/AmericanSTEM/app/build/intermediates/res/merged/debug/layout/abc_action_bar_view_list_nav_layout.xml",
        "source": "/Users/HoangNguyen/.android/build-cache/43f078533731f46c2275e5cdc867d969f067de91/output/res/layout/abc_action_bar_view_list_nav_layout.xml"
    },
    {
        "merged": "/Users/HoangNguyen/Library/Mobile Documents/com~apple~CloudDocs/A - AS/AmericanSTEM/app/build/intermediates/res/merged/debug/layout/abc_search_dropdown_item_icons_2line.xml",
        "source": "/Users/HoangNguyen/.android/build-cache/43f078533731f46c2275e5cdc867d969f067de91/output/res/layout/abc_search_dropdown_item_icons_2line.xml"
    },
    {
        "merged": "/Users/HoangNguyen/Library/Mobile Documents/com~apple~CloudDocs/A - AS/AmericanSTEM/C:\\Users\\HoangNguyen\\Desktop\\AmericanSTEM\\app\\build\\intermediates\\res\\merged\\debug\\layout\\abc_list_menu_item_icon.xml",
        "source": "/Users/HoangNguyen/Library/Mobile Documents/com~apple~CloudDocs/A - AS/AmericanSTEM/C:\\Users\\HoangNguyen\\.android\\build-cache\\43f078533731f46c2275e5cdc867d969f067de91\\output\\res\\layout\\abc_list_menu_item_icon.xml"
    },
    {
        "merged": "/Users/HoangNguyen/Library/Mobile Documents/com~apple~CloudDocs/A - AS/AmericanSTEM/C:\\Users\\Hoang Nguyen\\iCloudDrive\\A - AS\\AmericanSTEM\\app\\build\\intermediates\\res\\merged\\debug\\layout\\abc_action_bar_up_container.xml",
        "source": "/Users/HoangNguyen/Library/Mobile Documents/com~apple~CloudDocs/A - AS/AmericanSTEM/C:\\Users\\Hoang Nguyen\\.android\\build-cache\\5bb72b998dfd92d1f1290e1783b2f3fadf293585\\output\\res\\layout\\abc_action_bar_up_container.xml"
    },
    {
        "merged": "/Users/HoangNguyen/Library/Mobile Documents/com~apple~CloudDocs/A - AS/AmericanSTEM/app/build/intermediates/res/merged/debug/layout/notification_template_part_time.xml",
        "source": "/Users/HoangNguyen/.android/build-cache/43f078533731f46c2275e5cdc867d969f067de91/output/res/layout/notification_template_part_time.xml"
    },
    {
        "merged": "/Users/HoangNguyen/Library/Mobile Documents/com~apple~CloudDocs/A - AS/AmericanSTEM/C:\\Users\\Hoang Nguyen\\iCloudDrive\\A - AS\\AmericanSTEM\\app\\build\\intermediates\\res\\merged\\debug\\layout\\notification_template_lines.xml",
        "source": "/Users/HoangNguyen/Library/Mobile Documents/com~apple~CloudDocs/A - AS/AmericanSTEM/C:\\Users\\Hoang Nguyen\\.android\\build-cache\\5bb72b998dfd92d1f1290e1783b2f3fadf293585\\output\\res\\layout\\notification_template_lines.xml"
    },
    {
        "merged": "/Users/HoangNguyen/Library/Mobile Documents/com~apple~CloudDocs/A - AS/AmericanSTEM/app/build/intermediates/res/merged/debug/layout/notification_template_media.xml",
        "source": "/Users/HoangNguyen/.android/build-cache/43f078533731f46c2275e5cdc867d969f067de91/output/res/layout/notification_template_media.xml"
    },
    {
        "merged": "/Users/HoangNguyen/Library/Mobile Documents/com~apple~CloudDocs/A - AS/AmericanSTEM/C:\\Users\\HoangNguyen\\Desktop\\AmericanSTEM\\app\\build\\intermediates\\res\\merged\\debug\\layout\\abc_select_dialog_material.xml",
        "source": "/Users/HoangNguyen/Library/Mobile Documents/com~apple~CloudDocs/A - AS/AmericanSTEM/C:\\Users\\HoangNguyen\\.android\\build-cache\\43f078533731f46c2275e5cdc867d969f067de91\\output\\res\\layout\\abc_select_dialog_material.xml"
    },
    {
        "merged": "/Users/HoangNguyen/Library/Mobile Documents/com~apple~CloudDocs/A - AS/AmericanSTEM/app/build/intermediates/res/merged/debug/layout/sample.xml",
        "source": "/Users/HoangNguyen/Library/Mobile Documents/com~apple~CloudDocs/A - AS/AmericanSTEM/app/src/main/res/layout/sample.xml"
    },
    {
        "merged": "/Users/HoangNguyen/Library/Mobile Documents/com~apple~CloudDocs/A - AS/AmericanSTEM/app/build/intermediates/res/merged/debug/layout/support_simple_spinner_dropdown_item.xml",
        "source": "/Users/HoangNguyen/.android/build-cache/43f078533731f46c2275e5cdc867d969f067de91/output/res/layout/support_simple_spinner_dropdown_item.xml"
    },
    {
        "merged": "/Users/HoangNguyen/Library/Mobile Documents/com~apple~CloudDocs/A - AS/AmericanSTEM/app/build/intermediates/res/merged/debug/layout/notification_template_big_media_narrow.xml",
        "source": "/Users/HoangNguyen/.android/build-cache/43f078533731f46c2275e5cdc867d969f067de91/output/res/layout/notification_template_big_media_narrow.xml"
    },
    {
        "merged": "/Users/HoangNguyen/Library/Mobile Documents/com~apple~CloudDocs/A - AS/AmericanSTEM/C:\\Users\\Hoang Nguyen\\iCloudDrive\\A - AS\\AmericanSTEM\\app\\build\\intermediates\\res\\merged\\debug\\layout\\notification_template_part_chronometer.xml",
        "source": "/Users/HoangNguyen/Library/Mobile Documents/com~apple~CloudDocs/A - AS/AmericanSTEM/C:\\Users\\Hoang Nguyen\\.android\\build-cache\\5bb72b998dfd92d1f1290e1783b2f3fadf293585\\output\\res\\layout\\notification_template_part_chronometer.xml"
    },
    {
        "merged": "/Users/HoangNguyen/Library/Mobile Documents/com~apple~CloudDocs/A - AS/AmericanSTEM/app/build/intermediates/res/merged/debug/layout/zxing_help.xml",
        "source": "/Users/HoangNguyen/.android/build-cache/2940556da38581d1da2a43043d08cca36087cd13/output/res/layout/zxing_help.xml"
    },
    {
        "merged": "/Users/HoangNguyen/Library/Mobile Documents/com~apple~CloudDocs/A - AS/AmericanSTEM/app/build/intermediates/res/merged/debug/layout/abc_list_menu_item_checkbox.xml",
        "source": "/Users/HoangNguyen/.android/build-cache/43f078533731f46c2275e5cdc867d969f067de91/output/res/layout/abc_list_menu_item_checkbox.xml"
    },
    {
        "merged": "/Users/HoangNguyen/Library/Mobile Documents/com~apple~CloudDocs/A - AS/AmericanSTEM/app/build/intermediates/res/merged/debug/layout/abc_popup_menu_item_layout.xml",
        "source": "/Users/HoangNguyen/.android/build-cache/43f078533731f46c2275e5cdc867d969f067de91/output/res/layout/abc_popup_menu_item_layout.xml"
    },
    {
        "merged": "/Users/HoangNguyen/Library/Mobile Documents/com~apple~CloudDocs/A - AS/AmericanSTEM/app/build/intermediates/res/merged/debug/layout/merge_camera_preview_view_finder.xml",
        "source": "/Users/HoangNguyen/.android/build-cache/7a0e61e31504a0812e7c3dbdfd1ad74ce59290b2/output/res/layout/merge_camera_preview_view_finder.xml"
    },
    {
        "merged": "/Users/HoangNguyen/Library/Mobile Documents/com~apple~CloudDocs/A - AS/AmericanSTEM/C:\\Users\\Hoang Nguyen\\iCloudDrive\\A - AS\\AmericanSTEM\\app\\build\\intermediates\\res\\merged\\debug\\layout\\abc_popup_menu_item_layout.xml",
        "source": "/Users/HoangNguyen/Library/Mobile Documents/com~apple~CloudDocs/A - AS/AmericanSTEM/C:\\Users\\Hoang Nguyen\\.android\\build-cache\\5bb72b998dfd92d1f1290e1783b2f3fadf293585\\output\\res\\layout\\abc_popup_menu_item_layout.xml"
    },
    {
        "merged": "/Users/HoangNguyen/Library/Mobile Documents/com~apple~CloudDocs/A - AS/AmericanSTEM/app/build/intermediates/res/merged/debug/layout/notification_media_action.xml",
        "source": "/Users/HoangNguyen/.android/build-cache/43f078533731f46c2275e5cdc867d969f067de91/output/res/layout/notification_media_action.xml"
    },
    {
        "merged": "/Users/HoangNguyen/Library/Mobile Documents/com~apple~CloudDocs/A - AS/AmericanSTEM/app/build/intermediates/res/merged/debug/layout/abc_activity_chooser_view.xml",
        "source": "/Users/HoangNguyen/.android/build-cache/43f078533731f46c2275e5cdc867d969f067de91/output/res/layout/abc_activity_chooser_view.xml"
    },
    {
        "merged": "/Users/HoangNguyen/Library/Mobile Documents/com~apple~CloudDocs/A - AS/AmericanSTEM/C:\\Users\\HoangNguyen\\Desktop\\AmericanSTEM\\app\\build\\intermediates\\res\\merged\\debug\\layout\\abc_activity_chooser_view_list_item.xml",
        "source": "/Users/HoangNguyen/Library/Mobile Documents/com~apple~CloudDocs/A - AS/AmericanSTEM/C:\\Users\\HoangNguyen\\.android\\build-cache\\43f078533731f46c2275e5cdc867d969f067de91\\output\\res\\layout\\abc_activity_chooser_view_list_item.xml"
    },
    {
        "merged": "/Users/HoangNguyen/Library/Mobile Documents/com~apple~CloudDocs/A - AS/AmericanSTEM/app/build/intermediates/res/merged/debug/layout/zxing_encode.xml",
        "source": "/Users/HoangNguyen/.android/build-cache/2940556da38581d1da2a43043d08cca36087cd13/output/res/layout/zxing_encode.xml"
    },
    {
        "merged": "/Users/HoangNguyen/Library/Mobile Documents/com~apple~CloudDocs/A - AS/AmericanSTEM/C:\\Users\\Hoang Nguyen\\iCloudDrive\\A - AS\\AmericanSTEM\\app\\build\\intermediates\\res\\merged\\debug\\layout\\abc_list_menu_item_checkbox.xml",
        "source": "/Users/HoangNguyen/Library/Mobile Documents/com~apple~CloudDocs/A - AS/AmericanSTEM/C:\\Users\\Hoang Nguyen\\.android\\build-cache\\5bb72b998dfd92d1f1290e1783b2f3fadf293585\\output\\res\\layout\\abc_list_menu_item_checkbox.xml"
    },
    {
        "merged": "/Users/HoangNguyen/Library/Mobile Documents/com~apple~CloudDocs/A - AS/AmericanSTEM/app/build/intermediates/res/merged/debug/layout/abc_screen_simple.xml",
        "source": "/Users/HoangNguyen/.android/build-cache/43f078533731f46c2275e5cdc867d969f067de91/output/res/layout/abc_screen_simple.xml"
    },
    {
        "merged": "/Users/HoangNguyen/Library/Mobile Documents/com~apple~CloudDocs/A - AS/AmericanSTEM/C:\\Users\\HoangNguyen\\Desktop\\AmericanSTEM\\app\\build\\intermediates\\res\\merged\\debug\\layout\\notification_template_part_chronometer.xml",
        "source": "/Users/HoangNguyen/Library/Mobile Documents/com~apple~CloudDocs/A - AS/AmericanSTEM/C:\\Users\\HoangNguyen\\.android\\build-cache\\43f078533731f46c2275e5cdc867d969f067de91\\output\\res\\layout\\notification_template_part_chronometer.xml"
    },
    {
        "merged": "/Users/HoangNguyen/Library/Mobile Documents/com~apple~CloudDocs/A - AS/AmericanSTEM/app/build/intermediates/res/merged/debug/layout/abc_screen_toolbar.xml",
        "source": "/Users/HoangNguyen/.android/build-cache/43f078533731f46c2275e5cdc867d969f067de91/output/res/layout/abc_screen_toolbar.xml"
    },
    {
        "merged": "/Users/HoangNguyen/Library/Mobile Documents/com~apple~CloudDocs/A - AS/AmericanSTEM/C:\\Users\\Hoang Nguyen\\iCloudDrive\\A - AS\\AmericanSTEM\\app\\build\\intermediates\\res\\merged\\debug\\layout\\abc_search_dropdown_item_icons_2line.xml",
        "source": "/Users/HoangNguyen/Library/Mobile Documents/com~apple~CloudDocs/A - AS/AmericanSTEM/C:\\Users\\Hoang Nguyen\\.android\\build-cache\\5bb72b998dfd92d1f1290e1783b2f3fadf293585\\output\\res\\layout\\abc_search_dropdown_item_icons_2line.xml"
    },
    {
        "merged": "/Users/HoangNguyen/Library/Mobile Documents/com~apple~CloudDocs/A - AS/AmericanSTEM/C:\\Users\\HoangNguyen\\Desktop\\AmericanSTEM\\app\\build\\intermediates\\res\\merged\\debug\\layout\\abc_screen_content_include.xml",
        "source": "/Users/HoangNguyen/Library/Mobile Documents/com~apple~CloudDocs/A - AS/AmericanSTEM/C:\\Users\\HoangNguyen\\.android\\build-cache\\43f078533731f46c2275e5cdc867d969f067de91\\output\\res\\layout\\abc_screen_content_include.xml"
    },
    {
        "merged": "/Users/HoangNguyen/Library/Mobile Documents/com~apple~CloudDocs/A - AS/AmericanSTEM/app/build/intermediates/res/merged/debug/layout/abc_dialog_title_material.xml",
        "source": "/Users/HoangNguyen/.android/build-cache/43f078533731f46c2275e5cdc867d969f067de91/output/res/layout/abc_dialog_title_material.xml"
    },
    {
        "merged": "/Users/HoangNguyen/Library/Mobile Documents/com~apple~CloudDocs/A - AS/AmericanSTEM/C:\\Users\\HoangNguyen\\Desktop\\AmericanSTEM\\app\\build\\intermediates\\res\\merged\\debug\\layout\\notification_template_big_media.xml",
        "source": "/Users/HoangNguyen/Library/Mobile Documents/com~apple~CloudDocs/A - AS/AmericanSTEM/C:\\Users\\HoangNguyen\\.android\\build-cache\\43f078533731f46c2275e5cdc867d969f067de91\\output\\res\\layout\\notification_template_big_media.xml"
    },
    {
        "merged": "/Users/HoangNguyen/Library/Mobile Documents/com~apple~CloudDocs/A - AS/AmericanSTEM/C:\\Users\\Hoang Nguyen\\iCloudDrive\\A - AS\\AmericanSTEM\\app\\build\\intermediates\\res\\merged\\debug\\layout\\support_simple_spinner_dropdown_item.xml",
        "source": "/Users/HoangNguyen/Library/Mobile Documents/com~apple~CloudDocs/A - AS/AmericanSTEM/C:\\Users\\Hoang Nguyen\\.android\\build-cache\\5bb72b998dfd92d1f1290e1783b2f3fadf293585\\output\\res\\layout\\support_simple_spinner_dropdown_item.xml"
    },
    {
        "merged": "/Users/HoangNguyen/Library/Mobile Documents/com~apple~CloudDocs/A - AS/AmericanSTEM/C:\\Users\\Hoang Nguyen\\iCloudDrive\\A - AS\\AmericanSTEM\\app\\build\\intermediates\\res\\merged\\debug\\layout\\abc_activity_chooser_view.xml",
        "source": "/Users/HoangNguyen/Library/Mobile Documents/com~apple~CloudDocs/A - AS/AmericanSTEM/C:\\Users\\Hoang Nguyen\\.android\\build-cache\\5bb72b998dfd92d1f1290e1783b2f3fadf293585\\output\\res\\layout\\abc_activity_chooser_view.xml"
    },
    {
        "merged": "/Users/HoangNguyen/Library/Mobile Documents/com~apple~CloudDocs/A - AS/AmericanSTEM/app/build/intermediates/res/merged/debug/layout/abc_action_bar_up_container.xml",
        "source": "/Users/HoangNguyen/.android/build-cache/43f078533731f46c2275e5cdc867d969f067de91/output/res/layout/abc_action_bar_up_container.xml"
    },
    {
        "merged": "/Users/HoangNguyen/Library/Mobile Documents/com~apple~CloudDocs/A - AS/AmericanSTEM/C:\\Users\\Hoang Nguyen\\iCloudDrive\\A - AS\\AmericanSTEM\\app\\build\\intermediates\\res\\merged\\debug\\layout\\abc_list_menu_item_icon.xml",
        "source": "/Users/HoangNguyen/Library/Mobile Documents/com~apple~CloudDocs/A - AS/AmericanSTEM/C:\\Users\\Hoang Nguyen\\.android\\build-cache\\5bb72b998dfd92d1f1290e1783b2f3fadf293585\\output\\res\\layout\\abc_list_menu_item_icon.xml"
    },
    {
        "merged": "/Users/HoangNguyen/Library/Mobile Documents/com~apple~CloudDocs/A - AS/AmericanSTEM/C:\\Users\\HoangNguyen\\Desktop\\AmericanSTEM\\app\\build\\intermediates\\res\\merged\\debug\\layout\\activity_main_menu.xml",
        "source": "/Users/HoangNguyen/Library/Mobile Documents/com~apple~CloudDocs/A - AS/AmericanSTEM/C:\\Users\\HoangNguyen\\Desktop\\AmericanSTEM\\app\\src\\main\\res\\layout\\activity_main_menu.xml"
    },
    {
        "merged": "/Users/HoangNguyen/Library/Mobile Documents/com~apple~CloudDocs/A - AS/AmericanSTEM/C:\\Users\\Hoang Nguyen\\iCloudDrive\\A - AS\\AmericanSTEM\\app\\build\\intermediates\\res\\merged\\debug\\layout\\abc_alert_dialog_material.xml",
        "source": "/Users/HoangNguyen/Library/Mobile Documents/com~apple~CloudDocs/A - AS/AmericanSTEM/C:\\Users\\Hoang Nguyen\\.android\\build-cache\\5bb72b998dfd92d1f1290e1783b2f3fadf293585\\output\\res\\layout\\abc_alert_dialog_material.xml"
    },
    {
        "merged": "/Users/HoangNguyen/Library/Mobile Documents/com~apple~CloudDocs/A - AS/AmericanSTEM/C:\\Users\\HoangNguyen\\Desktop\\AmericanSTEM\\app\\build\\intermediates\\res\\merged\\debug\\layout\\notification_media_action.xml",
        "source": "/Users/HoangNguyen/Library/Mobile Documents/com~apple~CloudDocs/A - AS/AmericanSTEM/C:\\Users\\HoangNguyen\\.android\\build-cache\\43f078533731f46c2275e5cdc867d969f067de91\\output\\res\\layout\\notification_media_action.xml"
    },
    {
        "merged": "/Users/HoangNguyen/Library/Mobile Documents/com~apple~CloudDocs/A - AS/AmericanSTEM/app/build/intermediates/res/merged/debug/layout/abc_search_view.xml",
        "source": "/Users/HoangNguyen/.android/build-cache/43f078533731f46c2275e5cdc867d969f067de91/output/res/layout/abc_search_view.xml"
    },
    {
        "merged": "/Users/HoangNguyen/Library/Mobile Documents/com~apple~CloudDocs/A - AS/AmericanSTEM/C:\\Users\\Hoang Nguyen\\iCloudDrive\\A - AS\\AmericanSTEM\\app\\build\\intermediates\\res\\merged\\debug\\layout\\abc_list_menu_item_layout.xml",
        "source": "/Users/HoangNguyen/Library/Mobile Documents/com~apple~CloudDocs/A - AS/AmericanSTEM/C:\\Users\\Hoang Nguyen\\.android\\build-cache\\5bb72b998dfd92d1f1290e1783b2f3fadf293585\\output\\res\\layout\\abc_list_menu_item_layout.xml"
    },
    {
        "merged": "/Users/HoangNguyen/Library/Mobile Documents/com~apple~CloudDocs/A - AS/AmericanSTEM/app/build/intermediates/res/merged/debug/layout/abc_action_menu_item_layout.xml",
        "source": "/Users/HoangNguyen/.android/build-cache/43f078533731f46c2275e5cdc867d969f067de91/output/res/layout/abc_action_menu_item_layout.xml"
    },
    {
        "merged": "/Users/HoangNguyen/Library/Mobile Documents/com~apple~CloudDocs/A - AS/AmericanSTEM/app/build/intermediates/res/merged/debug/layout/abc_action_mode_bar.xml",
        "source": "/Users/HoangNguyen/.android/build-cache/43f078533731f46c2275e5cdc867d969f067de91/output/res/layout/abc_action_mode_bar.xml"
    },
    {
        "merged": "/Users/HoangNguyen/Library/Mobile Documents/com~apple~CloudDocs/A - AS/AmericanSTEM/C:\\Users\\HoangNguyen\\Desktop\\AmericanSTEM\\app\\build\\intermediates\\res\\merged\\debug\\layout\\abc_activity_chooser_view.xml",
        "source": "/Users/HoangNguyen/Library/Mobile Documents/com~apple~CloudDocs/A - AS/AmericanSTEM/C:\\Users\\HoangNguyen\\.android\\build-cache\\43f078533731f46c2275e5cdc867d969f067de91\\output\\res\\layout\\abc_activity_chooser_view.xml"
    },
    {
        "merged": "/Users/HoangNguyen/Library/Mobile Documents/com~apple~CloudDocs/A - AS/AmericanSTEM/C:\\Users\\Hoang Nguyen\\iCloudDrive\\A - AS\\AmericanSTEM\\app\\build\\intermediates\\res\\merged\\debug\\layout\\abc_action_mode_bar.xml",
        "source": "/Users/HoangNguyen/Library/Mobile Documents/com~apple~CloudDocs/A - AS/AmericanSTEM/C:\\Users\\Hoang Nguyen\\.android\\build-cache\\5bb72b998dfd92d1f1290e1783b2f3fadf293585\\output\\res\\layout\\abc_action_mode_bar.xml"
    },
    {
        "merged": "/Users/HoangNguyen/Library/Mobile Documents/com~apple~CloudDocs/A - AS/AmericanSTEM/C:\\Users\\HoangNguyen\\Desktop\\AmericanSTEM\\app\\build\\intermediates\\res\\merged\\debug\\layout\\abc_action_bar_view_list_nav_layout.xml",
        "source": "/Users/HoangNguyen/Library/Mobile Documents/com~apple~CloudDocs/A - AS/AmericanSTEM/C:\\Users\\HoangNguyen\\.android\\build-cache\\43f078533731f46c2275e5cdc867d969f067de91\\output\\res\\layout\\abc_action_bar_view_list_nav_layout.xml"
    },
    {
        "merged": "/Users/HoangNguyen/Library/Mobile Documents/com~apple~CloudDocs/A - AS/AmericanSTEM/C:\\Users\\HoangNguyen\\Desktop\\AmericanSTEM\\app\\build\\intermediates\\res\\merged\\debug\\layout\\abc_expanded_menu_layout.xml",
        "source": "/Users/HoangNguyen/Library/Mobile Documents/com~apple~CloudDocs/A - AS/AmericanSTEM/C:\\Users\\HoangNguyen\\.android\\build-cache\\43f078533731f46c2275e5cdc867d969f067de91\\output\\res\\layout\\abc_expanded_menu_layout.xml"
    },
    {
        "merged": "/Users/HoangNguyen/Library/Mobile Documents/com~apple~CloudDocs/A - AS/AmericanSTEM/C:\\Users\\Hoang Nguyen\\iCloudDrive\\A - AS\\AmericanSTEM\\app\\build\\intermediates\\res\\merged\\debug\\layout\\notification_media_action.xml",
        "source": "/Users/HoangNguyen/Library/Mobile Documents/com~apple~CloudDocs/A - AS/AmericanSTEM/C:\\Users\\Hoang Nguyen\\.android\\build-cache\\5bb72b998dfd92d1f1290e1783b2f3fadf293585\\output\\res\\layout\\notification_media_action.xml"
    },
    {
        "merged": "/Users/HoangNguyen/Library/Mobile Documents/com~apple~CloudDocs/A - AS/AmericanSTEM/C:\\Users\\HoangNguyen\\Desktop\\AmericanSTEM\\app\\build\\intermediates\\res\\merged\\debug\\layout\\abc_screen_simple.xml",
        "source": "/Users/HoangNguyen/Library/Mobile Documents/com~apple~CloudDocs/A - AS/AmericanSTEM/C:\\Users\\HoangNguyen\\.android\\build-cache\\43f078533731f46c2275e5cdc867d969f067de91\\output\\res\\layout\\abc_screen_simple.xml"
    },
    {
        "merged": "/Users/HoangNguyen/Library/Mobile Documents/com~apple~CloudDocs/A - AS/AmericanSTEM/C:\\Users\\HoangNguyen\\Desktop\\AmericanSTEM\\app\\build\\intermediates\\res\\merged\\debug\\layout\\select_dialog_singlechoice_material.xml",
        "source": "/Users/HoangNguyen/Library/Mobile Documents/com~apple~CloudDocs/A - AS/AmericanSTEM/C:\\Users\\HoangNguyen\\.android\\build-cache\\43f078533731f46c2275e5cdc867d969f067de91\\output\\res\\layout\\select_dialog_singlechoice_material.xml"
    },
    {
        "merged": "/Users/HoangNguyen/Library/Mobile Documents/com~apple~CloudDocs/A - AS/AmericanSTEM/app/build/intermediates/res/merged/debug/layout/abc_list_menu_item_layout.xml",
        "source": "/Users/HoangNguyen/.android/build-cache/43f078533731f46c2275e5cdc867d969f067de91/output/res/layout/abc_list_menu_item_layout.xml"
    },
    {
        "merged": "/Users/HoangNguyen/Library/Mobile Documents/com~apple~CloudDocs/A - AS/AmericanSTEM/C:\\Users\\Hoang Nguyen\\iCloudDrive\\A - AS\\AmericanSTEM\\app\\build\\intermediates\\res\\merged\\debug\\layout\\abc_action_menu_item_layout.xml",
        "source": "/Users/HoangNguyen/Library/Mobile Documents/com~apple~CloudDocs/A - AS/AmericanSTEM/C:\\Users\\Hoang Nguyen\\.android\\build-cache\\5bb72b998dfd92d1f1290e1783b2f3fadf293585\\output\\res\\layout\\abc_action_menu_item_layout.xml"
    },
    {
        "merged": "/Users/HoangNguyen/Library/Mobile Documents/com~apple~CloudDocs/A - AS/AmericanSTEM/app/build/intermediates/res/merged/debug/layout/abc_alert_dialog_material.xml",
        "source": "/Users/HoangNguyen/.android/build-cache/43f078533731f46c2275e5cdc867d969f067de91/output/res/layout/abc_alert_dialog_material.xml"
    },
    {
        "merged": "/Users/HoangNguyen/Library/Mobile Documents/com~apple~CloudDocs/A - AS/AmericanSTEM/C:\\Users\\Hoang Nguyen\\iCloudDrive\\A - AS\\AmericanSTEM\\app\\build\\intermediates\\res\\merged\\debug\\layout\\abc_search_view.xml",
        "source": "/Users/HoangNguyen/Library/Mobile Documents/com~apple~CloudDocs/A - AS/AmericanSTEM/C:\\Users\\Hoang Nguyen\\.android\\build-cache\\5bb72b998dfd92d1f1290e1783b2f3fadf293585\\output\\res\\layout\\abc_search_view.xml"
    },
    {
        "merged": "/Users/HoangNguyen/Library/Mobile Documents/com~apple~CloudDocs/A - AS/AmericanSTEM/C:\\Users\\Hoang Nguyen\\iCloudDrive\\A - AS\\AmericanSTEM\\app\\build\\intermediates\\res\\merged\\debug\\layout\\abc_expanded_menu_layout.xml",
        "source": "/Users/HoangNguyen/Library/Mobile Documents/com~apple~CloudDocs/A - AS/AmericanSTEM/C:\\Users\\Hoang Nguyen\\.android\\build-cache\\5bb72b998dfd92d1f1290e1783b2f3fadf293585\\output\\res\\layout\\abc_expanded_menu_layout.xml"
    },
    {
        "merged": "/Users/HoangNguyen/Library/Mobile Documents/com~apple~CloudDocs/A - AS/AmericanSTEM/C:\\Users\\Hoang Nguyen\\iCloudDrive\\A - AS\\AmericanSTEM\\app\\build\\intermediates\\res\\merged\\debug\\layout\\abc_action_bar_title_item.xml",
        "source": "/Users/HoangNguyen/Library/Mobile Documents/com~apple~CloudDocs/A - AS/AmericanSTEM/C:\\Users\\Hoang Nguyen\\.android\\build-cache\\5bb72b998dfd92d1f1290e1783b2f3fadf293585\\output\\res\\layout\\abc_action_bar_title_item.xml"
    },
    {
        "merged": "/Users/HoangNguyen/Library/Mobile Documents/com~apple~CloudDocs/A - AS/AmericanSTEM/app/build/intermediates/res/merged/debug/layout/abc_list_menu_item_radio.xml",
        "source": "/Users/HoangNguyen/.android/build-cache/43f078533731f46c2275e5cdc867d969f067de91/output/res/layout/abc_list_menu_item_radio.xml"
    },
    {
        "merged": "/Users/HoangNguyen/Library/Mobile Documents/com~apple~CloudDocs/A - AS/AmericanSTEM/app/build/intermediates/res/merged/debug/layout/abc_activity_chooser_view_list_item.xml",
        "source": "/Users/HoangNguyen/.android/build-cache/43f078533731f46c2275e5cdc867d969f067de91/output/res/layout/abc_activity_chooser_view_list_item.xml"
    },
    {
        "merged": "/Users/HoangNguyen/Library/Mobile Documents/com~apple~CloudDocs/A - AS/AmericanSTEM/C:\\Users\\Hoang Nguyen\\iCloudDrive\\A - AS\\AmericanSTEM\\app\\build\\intermediates\\res\\merged\\debug\\layout\\notification_template_part_time.xml",
        "source": "/Users/HoangNguyen/Library/Mobile Documents/com~apple~CloudDocs/A - AS/AmericanSTEM/C:\\Users\\Hoang Nguyen\\.android\\build-cache\\5bb72b998dfd92d1f1290e1783b2f3fadf293585\\output\\res\\layout\\notification_template_part_time.xml"
    },
    {
        "merged": "/Users/HoangNguyen/Library/Mobile Documents/com~apple~CloudDocs/A - AS/AmericanSTEM/C:\\Users\\Hoang Nguyen\\iCloudDrive\\A - AS\\AmericanSTEM\\app\\build\\intermediates\\res\\merged\\debug\\layout\\abc_screen_content_include.xml",
        "source": "/Users/HoangNguyen/Library/Mobile Documents/com~apple~CloudDocs/A - AS/AmericanSTEM/C:\\Users\\Hoang Nguyen\\.android\\build-cache\\5bb72b998dfd92d1f1290e1783b2f3fadf293585\\output\\res\\layout\\abc_screen_content_include.xml"
    },
    {
        "merged": "/Users/HoangNguyen/Library/Mobile Documents/com~apple~CloudDocs/A - AS/AmericanSTEM/C:\\Users\\Hoang Nguyen\\iCloudDrive\\A - AS\\AmericanSTEM\\app\\build\\intermediates\\res\\merged\\debug\\layout\\abc_action_bar_view_list_nav_layout.xml",
        "source": "/Users/HoangNguyen/Library/Mobile Documents/com~apple~CloudDocs/A - AS/AmericanSTEM/C:\\Users\\Hoang Nguyen\\.android\\build-cache\\5bb72b998dfd92d1f1290e1783b2f3fadf293585\\output\\res\\layout\\abc_action_bar_view_list_nav_layout.xml"
    },
    {
        "merged": "/Users/HoangNguyen/Library/Mobile Documents/com~apple~CloudDocs/A - AS/AmericanSTEM/C:\\Users\\Hoang Nguyen\\iCloudDrive\\A - AS\\AmericanSTEM\\app\\build\\intermediates\\res\\merged\\debug\\layout\\select_dialog_singlechoice_material.xml",
        "source": "/Users/HoangNguyen/Library/Mobile Documents/com~apple~CloudDocs/A - AS/AmericanSTEM/C:\\Users\\Hoang Nguyen\\.android\\build-cache\\5bb72b998dfd92d1f1290e1783b2f3fadf293585\\output\\res\\layout\\select_dialog_singlechoice_material.xml"
    },
    {
        "merged": "/Users/HoangNguyen/Library/Mobile Documents/com~apple~CloudDocs/A - AS/AmericanSTEM/C:\\Users\\HoangNguyen\\Desktop\\AmericanSTEM\\app\\build\\intermediates\\res\\merged\\debug\\layout\\abc_screen_toolbar.xml",
        "source": "/Users/HoangNguyen/Library/Mobile Documents/com~apple~CloudDocs/A - AS/AmericanSTEM/C:\\Users\\HoangNguyen\\.android\\build-cache\\43f078533731f46c2275e5cdc867d969f067de91\\output\\res\\layout\\abc_screen_toolbar.xml"
    },
    {
        "merged": "/Users/HoangNguyen/Library/Mobile Documents/com~apple~CloudDocs/A - AS/AmericanSTEM/C:\\Users\\HoangNguyen\\Desktop\\AmericanSTEM\\app\\build\\intermediates\\res\\merged\\debug\\layout\\abc_popup_menu_item_layout.xml",
        "source": "/Users/HoangNguyen/Library/Mobile Documents/com~apple~CloudDocs/A - AS/AmericanSTEM/C:\\Users\\HoangNguyen\\.android\\build-cache\\43f078533731f46c2275e5cdc867d969f067de91\\output\\res\\layout\\abc_popup_menu_item_layout.xml"
    },
    {
        "merged": "/Users/HoangNguyen/Library/Mobile Documents/com~apple~CloudDocs/A - AS/AmericanSTEM/app/build/intermediates/res/merged/debug/layout/abc_action_bar_title_item.xml",
        "source": "/Users/HoangNguyen/.android/build-cache/43f078533731f46c2275e5cdc867d969f067de91/output/res/layout/abc_action_bar_title_item.xml"
    },
    {
        "merged": "/Users/HoangNguyen/Library/Mobile Documents/com~apple~CloudDocs/A - AS/AmericanSTEM/C:\\Users\\HoangNguyen\\Desktop\\AmericanSTEM\\app\\build\\intermediates\\res\\merged\\debug\\layout\\notification_template_big_media_narrow.xml",
        "source": "/Users/HoangNguyen/Library/Mobile Documents/com~apple~CloudDocs/A - AS/AmericanSTEM/C:\\Users\\HoangNguyen\\.android\\build-cache\\43f078533731f46c2275e5cdc867d969f067de91\\output\\res\\layout\\notification_template_big_media_narrow.xml"
    },
    {
        "merged": "/Users/HoangNguyen/Library/Mobile Documents/com~apple~CloudDocs/A - AS/AmericanSTEM/C:\\Users\\HoangNguyen\\Desktop\\AmericanSTEM\\app\\build\\intermediates\\res\\merged\\debug\\layout\\notification_template_media.xml",
        "source": "/Users/HoangNguyen/Library/Mobile Documents/com~apple~CloudDocs/A - AS/AmericanSTEM/C:\\Users\\HoangNguyen\\.android\\build-cache\\43f078533731f46c2275e5cdc867d969f067de91\\output\\res\\layout\\notification_template_media.xml"
    },
    {
        "merged": "/Users/HoangNguyen/Library/Mobile Documents/com~apple~CloudDocs/A - AS/AmericanSTEM/C:\\Users\\HoangNguyen\\Desktop\\AmericanSTEM\\app\\build\\intermediates\\res\\merged\\debug\\layout\\select_dialog_item_material.xml",
        "source": "/Users/HoangNguyen/Library/Mobile Documents/com~apple~CloudDocs/A - AS/AmericanSTEM/C:\\Users\\HoangNguyen\\.android\\build-cache\\43f078533731f46c2275e5cdc867d969f067de91\\output\\res\\layout\\select_dialog_item_material.xml"
    }
]