[
    {
        "merged": "/Users/HoangNguyen/Library/Mobile Documents/com~apple~CloudDocs/A - AS/AmericanSTEM/C:\\Users\\Hoang Nguyen\\iCloudDrive\\A - AS\\AmericanSTEM\\app\\build\\intermediates\\res\\merged\\debug\\mipmap-xxhdpi\\ic_launcher.png",
        "source": "/Users/HoangNguyen/Library/Mobile Documents/com~apple~CloudDocs/A - AS/AmericanSTEM/C:\\Users\\Hoang Nguyen\\iCloudDrive\\A - AS\\AmericanSTEM\\app\\src\\main\\res\\mipmap-xxhdpi\\ic_launcher.png"
    },
    {
        "merged": "/Users/HoangNguyen/Library/Mobile Documents/com~apple~CloudDocs/A - AS/AmericanSTEM/app/build/intermediates/res/merged/debug/mipmap-xxhdpi/ic_launcher.png",
        "source": "/Users/HoangNguyen/Library/Mobile Documents/com~apple~CloudDocs/A - AS/AmericanSTEM/app/src/main/res/mipmap-xxhdpi/ic_launcher.png"
    },
    {
        "merged": "/Users/HoangNguyen/Library/Mobile Documents/com~apple~CloudDocs/A - AS/AmericanSTEM/C:\\Users\\HoangNguyen\\Desktop\\AmericanSTEM\\app\\build\\intermediates\\res\\merged\\debug\\mipmap-xxhdpi\\ic_launcher.png",
        "source": "/Users/HoangNguyen/Library/Mobile Documents/com~apple~CloudDocs/A - AS/AmericanSTEM/C:\\Users\\HoangNguyen\\Desktop\\AmericanSTEM\\app\\src\\main\\res\\mipmap-xxhdpi\\ic_launcher.png"
    }
]